Year/année,Source Country,Pays d'origine,Number/Nombre
2008,India,Inde,28255
2008,Philippines,Philippines,24883
2008,"China, People's Republic of","Chine, République populaire de",30030
2008,Syria,Syrie,919
2008,United States of America,États-Unis d'Amérique,10186
2008,Pakistan,Pakistan,8984
2008,France,France,4532
2008,Nigeria,Nigéria,2108
2008,United Kingdom and Overseas Territories,Royaume-Uni et territoires d’outre-mer,8975
2008,Iraq,Iraq,3543
2008,Iran,Iran,6474
2008,Eritrea,Érythrée,797
2008,"Korea, Republic of","Corée, République de",7291
2008,Jamaica,Jamaïque,2334
2008,Afghanistan,Afghanistan,2110
2008,Ukraine,Ukraine,1935
2008,Bangladesh,Bangladesh,2939
2008,Mexico,Mexique,2853
2008,Egypt,Égypte,3347
2008,Brazil,Brésil,2137
2008,Algeria,Algérie,4005
2008,Vietnam,Viêt-Nam,1784
2008,"Congo, Democratic Republic of the","Congo, République démocratique du",1395
2008,Haiti,Haïti,2488
2008,Russia,Russie,2690
2008,"Cameroon, Federal Republic of","Cameroun, République fédérale du",1277
2008,Morocco,Maroc,4225
2008,Colombia,Colombie,5449
2008,Sri Lanka,Sri Lanka,4751
2008,"Ireland, Republic of","Irlande, République d'",412
2008,Ethiopia,Éthiopie,1611
2008,Israel,Israël,2559
2008,Australia,Australie,1018
2008,"South Africa, Republic of","Afrique du Sud, République d'",1122
2008,Tunisia,Tunisie,950
2008,"Ivory Coast, Republic of","Côte-d'Ivoire, République  de la",646
2008,"Somalia, Democratic Republic of","Somalie, République démocratique de",1014
2008,Lebanon,Liban,3564
2008,Hong Kong,Hong Kong,893
2008,Germany,Allemagne,3833
2008,Turkey,Turquie,1122
2008,Nepal,Népal,581
2008,Japan,Japon,1284
2008,Italy,Italie,370
2008,Venezuela,Venezuela,1239
2008,Poland,Pologne,1267
2008,Romania,Roumanie,2836
2008,Stateless,Apatride,622
2008,Cuba,Cuba,1300
2008,Burundi,Burundi,448
2008,Taiwan,Taïwan,2993
2008,Jordan,Jordanie,1579
2008,Portugal,Portugal,664
2008,Mauritius,Maurice,714
2008,El Salvador,El Salvador,1114
2008,Hungary,Hongrie,382
2008,Ghana,Ghana,629
2008,Moldova,Moldavie,1127
2008,Spain,Espagne,168
2008,Dominican Republic,République dominicaine,430
2008,Albania,Albanie,560
2008,Thailand,Thaïlande,519
2008,Croatia,Croatie,131
2008,Senegal,Sénégal,555
2008,Belgium,Belgique,335
2008,"Indonesia, Republic of","Indonésie, République d'",661
2008,Libya,Libye,306
2008,"Netherlands, The",Pays-Bas,818
2008,St. Vincent and the Grenadines,Saint-Vincent-et-les-Grenadines,433
2008,Kenya,Kenya,453
2008,Guyana,Guyane,1137
2008,"Sudan, Democratic Republic of","Soudan, République démocratique du",620
2008,Peru,Pérou,1094
2008,Zimbabwe,Zimbabwe,611
2008,Greece,Grèce,106
2008,New Zealand,Nouvelle-Zélande,480
2008,Honduras,Honduras,185
2008,St. Lucia,Sainte-Lucie,298
2008,"Guinea, Republic of","Guinée, République de",327
2008,"Serbia, Republic of","Serbie, République de",251
2008,"Trinidad and Tobago, Republic of","Trinité-et-Tobago, République de",1002
2008,Malaysia,Malaisie,658
2008,Rwanda,Rwanda,358
2008,Palestinian Authority (Gaza/West Bank),Autorité palestinienne (Gaza/Cisjordanie),481
2008,Kazakhstan,Kazakhstan,394
2008,Singapore,Singapour,734
2008,Czech Republic,République tchèque,104
2008,Chile,Chili,350
2008,Belarus,Bélarus,524
2008,Bulgaria,Bulgarie,994
2008,Burkina-Faso,Burkina Faso,139
2008,Slovak Republic,République slovaque,125
2008,Armenia,Arménie,205
2008,Yemen,Yémen,129
2008,Guatemala,Guatemala,263
2008,Argentina,Argentine,540
2008,Central African Republic,République centrafricaine,28
2008,Cambodia,Cambodge,354
2008,Uganda,Ouganda,204
2008,Ecuador,Équateur,437
2008,Saudi Arabia,Arabie saoudite,249
2008,"Togo, Republic of","Togo, République du",351
2008,Barbados,Barbade,134
2008,"Tanzania, United Republic of","Tanzanie, République unie de",230
2008,"Benin, Republic of","Bénin, République du",205
2008,Switzerland,Suisse,357
2008,"Djibouti, Republic of","Djibouti, République de",47
2008,"Mali, Republic of","Mali, République du",154
2008,Uzbekistan,Ouzbékistan,215
2008,Myanmar (Burma),Myanmar (Birmanie),975
2008,Sweden,Suède,165
2008,Fiji,Fidji,321
2008,"Kosovo, Republic of","Kosovo, République du",5
2008,Lithuania,Lituanie,109
2008,Costa Rica,Costa Rica,246
2008,Georgia,Géorgie,112
2008,Kyrgyzstan,Kirghizistan,167
2008,"Congo, People's Republic of the","Congo, République populaire du",72
2008,"Bahama Islands, The",Bahamas,30
2008,"Chad, Republic of","Tchad, République du",95
2008,Madagascar,Madagascar,118
2008,Namibia,Namibie,26
2008,Azerbaijan,Azerbaïdjan,125
2008,Grenada,Grenade,284
2008,"South Sudan, Republic of","Soudan du Sud, République du",0
2008,Bosnia-Herzegovina,Bosnie-Herzégovine,182
2008,Finland,Finlande,89
2008,Latvia,Lettonie,67
2008,Austria,Autriche,91
2008,Nicaragua,Nicaragua,123
2008,Bolivia,Bolivie,142
2008,Denmark,Danemark,108
2008,Macedonia,Macédoine,191
2008,Zambia,Zambie,64
2008,"Mongolia, People's Republic of","Mongolie, République populaire de",59
2008,Antigua and Barbuda,Antigua-et-Barbuda,32
2008,Belize,Bélize,48
2008,"Botswana, Republic of","Botswana, République du",28
2008,Mauritania,Mauritanie,112
2008,Norway,Norvège,66
2008,Bhutan,Bhoutan,36
2008,Gambia,Gambie,25
2008,"Niger, Republic of the","Niger, République du",75
2008,Paraguay,Paraguay,94
2008,"Panama, Republic of","Panama, République du",52
2008,Liberia,Libéria,74
2008,Slovenia,Slovénie,18
2008,Angola,Angola,76
2008,Gabon Republic,"Gabon, République du",86
2008,Sierra Leone,Sierra Leone,103
2008,Swaziland,Swaziland,6
2008,Tajikistan,Tadjikistan,15
2008,Bahrain,Bahreïn,9
2008,Estonia,Estonie,34
2008,Dominica,Dominique,60
2008,St. Kitts-Nevis,Saint-Kitts-et-Nevis,25
2008,Macau,Macao,12
2008,Iceland,Islande,13
2008,Kuwait,Koweït,53
2008,Laos,Laos,32
2008,Turkmenistan,Turkménistan,13
2008,Uruguay,Uruguay,159
2008,Malawi,Malawi,5
2008,Cyprus,Chypre,7
2008,"Montenegro, Republic of","Monténégro, République du",15
2008,United Arab Emirates,Émirats arabes unis,33
2008,Oman,Oman,10
2008,Brunei,Brunei,10
2008,Comoros,"Comores, Les",3
2008,"Korea, People's Democratic Republic of","Corée, République démocratique populaire de",19
2008,Malta,Malte,21
2008,Mozambique,Mozambique,5
2008,Surinam,Surinam,9
2008,Luxembourg,Luxembourg,3
2008,Papua New Guinea,Papouasie-Nouvelle-Guinée,9
2008,Seychelles,Seychelles,18
2008,"Equatorial Guinea, Republic of",Guinée équatoriale,1
2008,Lesotho,Lesotho,1
2008,Qatar,Qatar,9
2008,Cape Verde Islands,Îles du Cap-Vert,5
2008,Guinea-Bissau,Guinée-Bissau,2
2008,"Maldives, Republic of","Maldives, République des",1
2008,Monaco,Monaco,0
2008,Yugoslavia,Yougoslavie,95
2008,Czechoslovakia,Tchécoslovaquie,0
2008,New Caledonia,Nouvelle-Calédonie,0
2008,San Marino,Saint-Marin,0
2008,"Solomons, The","Salomons, Les",12
2008,"Samoa, Independent State of","Samoa, État indépendant du",4
2008,Pitcairn Island,"Pitcairn, Îles",0
2008,"Marshall Islands, Republic of the","Îles Marshall, République des",0
2008,Nevis,Nevis,4
2008,Serbia and Montenegro,Serbie-et-Montenegro,456
2008,Tibet,Tibet,0
2008,Western Sahara,Sahara occidental,0
2008,Tonga,Tonga,0
2008,Andorra,Andorre,0
2008,"Palau, Republic of","Palaos, République des",0
2008,"East Timor, Democratic Republic of",République démocratique du Timor-Leste,0
2008,Europe NES,Europe NMA,1
2008,Vanuatu,Vanuatu,0
2008,Nauru,Nauru,0
2008,Sao Tome and Principe,Sao Tomé-et-Principe,0
2008,"Micronesia, Federated States of","Micronésie, Etats Federes de",0
2008,Kiribati,Kiribati,1
2008,Liechtenstein,Liechtenstein,1
2008,Tuvalu,Tuvalu,0
2008,Union of Soviet Socialist Republics,Union des républiques socialistes soviétiques,2
2008,Soloman Islands,"Soloman, Îles",0
2008,Panama Canal Zone,"Canal de Panama, Zone du",1
2008,Other countries of citizenship,Autres pays de citoyenneté,3
2008,Country of citizenship not stated,Pays de citoyenneté non déclaré,123
2009,India,Inde,29448
2009,Philippines,Philippines,28568
2009,"China, People's Republic of","Chine, République populaire de",29617
2009,Syria,Syrie,917
2009,United States of America,États-Unis d'Amérique,8994
2009,Pakistan,Pakistan,7213
2009,France,France,5051
2009,Nigeria,Nigéria,3156
2009,United Kingdom and Overseas Territories,Royaume-Uni et territoires d’outre-mer,8872
2009,Iraq,Iraq,5450
2009,Iran,Iran,6580
2009,Eritrea,Érythrée,903
2009,"Korea, Republic of","Corée, République de",5873
2009,Jamaica,Jamaïque,2456
2009,Afghanistan,Afghanistan,1745
2009,Ukraine,Ukraine,2363
2009,Bangladesh,Bangladesh,2104
2009,Mexico,Mexique,3092
2009,Egypt,Égypte,3495
2009,Brazil,Brésil,2509
2009,Algeria,Algérie,5390
2009,Vietnam,Viêt-Nam,2171
2009,"Congo, Democratic Republic of the","Congo, République démocratique du",1580
2009,Haiti,Haïti,2079
2009,Russia,Russie,2931
2009,"Cameroon, Federal Republic of","Cameroun, République fédérale du",1343
2009,Morocco,Maroc,5532
2009,Colombia,Colombie,4652
2009,Sri Lanka,Sri Lanka,4543
2009,"Ireland, Republic of","Irlande, République d'",395
2009,Ethiopia,Éthiopie,1287
2009,Israel,Israël,2316
2009,Australia,Australie,1018
2009,"South Africa, Republic of","Afrique du Sud, République d'",1188
2009,Tunisia,Tunisie,1195
2009,"Ivory Coast, Republic of","Côte-d'Ivoire, République  de la",668
2009,"Somalia, Democratic Republic of","Somalie, République démocratique de",1214
2009,Lebanon,Liban,3078
2009,Hong Kong,Hong Kong,656
2009,Germany,Allemagne,3886
2009,Turkey,Turquie,1238
2009,Nepal,Népal,561
2009,Japan,Japon,1193
2009,Italy,Italie,429
2009,Venezuela,Venezuela,1352
2009,Poland,Pologne,1013
2009,Romania,Roumanie,2076
2009,Stateless,Apatride,541
2009,Cuba,Cuba,1426
2009,Burundi,Burundi,566
2009,Taiwan,Taïwan,2472
2009,Jordan,Jordanie,1235
2009,Portugal,Portugal,622
2009,Mauritius,Maurice,872
2009,El Salvador,El Salvador,841
2009,Hungary,Hongrie,312
2009,Ghana,Ghana,658
2009,Moldova,Moldavie,1535
2009,Spain,Espagne,195
2009,Dominican Republic,République dominicaine,362
2009,Albania,Albanie,715
2009,Thailand,Thaïlande,512
2009,Croatia,Croatie,92
2009,Senegal,Sénégal,668
2009,Belgium,Belgique,358
2009,"Indonesia, Republic of","Indonésie, République d'",504
2009,Libya,Libye,282
2009,"Netherlands, The",Pays-Bas,786
2009,St. Vincent and the Grenadines,Saint-Vincent-et-les-Grenadines,511
2009,Kenya,Kenya,489
2009,Guyana,Guyane,1180
2009,"Sudan, Democratic Republic of","Soudan, République démocratique du",422
2009,Peru,Pérou,1881
2009,Zimbabwe,Zimbabwe,508
2009,Greece,Grèce,118
2009,New Zealand,Nouvelle-Zélande,520
2009,Honduras,Honduras,169
2009,St. Lucia,Sainte-Lucie,257
2009,"Guinea, Republic of","Guinée, République de",347
2009,"Serbia, Republic of","Serbie, République de",349
2009,"Trinidad and Tobago, Republic of","Trinité-et-Tobago, République de",1134
2009,Malaysia,Malaisie,640
2009,Rwanda,Rwanda,415
2009,Palestinian Authority (Gaza/West Bank),Autorité palestinienne (Gaza/Cisjordanie),399
2009,Kazakhstan,Kazakhstan,431
2009,Singapore,Singapour,366
2009,Czech Republic,République tchèque,159
2009,Chile,Chili,375
2009,Belarus,Bélarus,454
2009,Bulgaria,Bulgarie,784
2009,Burkina-Faso,Burkina Faso,162
2009,Slovak Republic,République slovaque,128
2009,Armenia,Arménie,267
2009,Yemen,Yémen,128
2009,Guatemala,Guatemala,264
2009,Argentina,Argentine,467
2009,Central African Republic,République centrafricaine,19
2009,Cambodia,Cambodge,203
2009,Uganda,Ouganda,185
2009,Ecuador,Équateur,373
2009,Saudi Arabia,Arabie saoudite,246
2009,"Togo, Republic of","Togo, République du",400
2009,Barbados,Barbade,125
2009,"Tanzania, United Republic of","Tanzanie, République unie de",136
2009,"Benin, Republic of","Bénin, République du",238
2009,Switzerland,Suisse,328
2009,"Djibouti, Republic of","Djibouti, République de",70
2009,"Mali, Republic of","Mali, République du",164
2009,Uzbekistan,Ouzbékistan,288
2009,Myanmar (Burma),Myanmar (Birmanie),1152
2009,Sweden,Suède,167
2009,Fiji,Fidji,311
2009,"Kosovo, Republic of","Kosovo, République du",110
2009,Lithuania,Lituanie,63
2009,Costa Rica,Costa Rica,217
2009,Georgia,Géorgie,128
2009,Kyrgyzstan,Kirghizistan,173
2009,"Congo, People's Republic of the","Congo, République populaire du",69
2009,"Bahama Islands, The",Bahamas,27
2009,"Chad, Republic of","Tchad, République du",87
2009,Madagascar,Madagascar,169
2009,Namibia,Namibie,14
2009,Azerbaijan,Azerbaïdjan,165
2009,Grenada,Grenade,325
2009,"South Sudan, Republic of","Soudan du Sud, République du",0
2009,Bosnia-Herzegovina,Bosnie-Herzégovine,156
2009,Finland,Finlande,63
2009,Latvia,Lettonie,85
2009,Austria,Autriche,109
2009,Nicaragua,Nicaragua,114
2009,Bolivia,Bolivie,214
2009,Denmark,Danemark,81
2009,Macedonia,Macédoine,198
2009,Zambia,Zambie,60
2009,"Mongolia, People's Republic of","Mongolie, République populaire de",118
2009,Antigua and Barbuda,Antigua-et-Barbuda,38
2009,Belize,Bélize,38
2009,"Botswana, Republic of","Botswana, République du",15
2009,Mauritania,Mauritanie,83
2009,Norway,Norvège,75
2009,Bhutan,Bhoutan,865
2009,Gambia,Gambie,10
2009,"Niger, Republic of the","Niger, République du",82
2009,Paraguay,Paraguay,88
2009,"Panama, Republic of","Panama, République du",73
2009,Liberia,Libéria,94
2009,Slovenia,Slovénie,27
2009,Angola,Angola,62
2009,Gabon Republic,"Gabon, République du",86
2009,Sierra Leone,Sierra Leone,70
2009,Swaziland,Swaziland,10
2009,Tajikistan,Tadjikistan,50
2009,Bahrain,Bahreïn,35
2009,Estonia,Estonie,26
2009,Dominica,Dominique,59
2009,St. Kitts-Nevis,Saint-Kitts-et-Nevis,11
2009,Macau,Macao,21
2009,Iceland,Islande,15
2009,Kuwait,Koweït,68
2009,Laos,Laos,39
2009,Turkmenistan,Turkménistan,20
2009,Uruguay,Uruguay,99
2009,Malawi,Malawi,10
2009,Cyprus,Chypre,6
2009,"Montenegro, Republic of","Monténégro, République du",8
2009,United Arab Emirates,Émirats arabes unis,37
2009,Oman,Oman,7
2009,Brunei,Brunei,5
2009,Comoros,"Comores, Les",19
2009,"Korea, People's Democratic Republic of","Corée, République démocratique populaire de",11
2009,Malta,Malte,18
2009,Mozambique,Mozambique,12
2009,Surinam,Surinam,12
2009,Luxembourg,Luxembourg,5
2009,Papua New Guinea,Papouasie-Nouvelle-Guinée,1
2009,Seychelles,Seychelles,4
2009,"Equatorial Guinea, Republic of",Guinée équatoriale,5
2009,Lesotho,Lesotho,8
2009,Qatar,Qatar,6
2009,Cape Verde Islands,Îles du Cap-Vert,1
2009,Guinea-Bissau,Guinée-Bissau,0
2009,"Maldives, Republic of","Maldives, République des",7
2009,Monaco,Monaco,0
2009,Yugoslavia,Yougoslavie,48
2009,Czechoslovakia,Tchécoslovaquie,4
2009,New Caledonia,Nouvelle-Calédonie,0
2009,San Marino,Saint-Marin,0
2009,"Solomons, The","Salomons, Les",5
2009,"Samoa, Independent State of","Samoa, État indépendant du",2
2009,Pitcairn Island,"Pitcairn, Îles",0
2009,"Marshall Islands, Republic of the","Îles Marshall, République des",0
2009,Nevis,Nevis,2
2009,Serbia and Montenegro,Serbie-et-Montenegro,204
2009,Tibet,Tibet,0
2009,Western Sahara,Sahara occidental,0
2009,Tonga,Tonga,5
2009,Andorra,Andorre,0
2009,"Palau, Republic of","Palaos, République des",0
2009,"East Timor, Democratic Republic of",République démocratique du Timor-Leste,0
2009,Europe NES,Europe NMA,2
2009,Vanuatu,Vanuatu,1
2009,Nauru,Nauru,1
2009,Sao Tome and Principe,Sao Tomé-et-Principe,1
2009,"Micronesia, Federated States of","Micronésie, Etats Federes de",0
2009,Kiribati,Kiribati,1
2009,Liechtenstein,Liechtenstein,1
2009,Tuvalu,Tuvalu,0
2009,Union of Soviet Socialist Republics,Union des républiques socialistes soviétiques,1
2009,Soloman Islands,"Soloman, Îles",9
2009,Panama Canal Zone,"Canal de Panama, Zone du",0
2009,Other countries of citizenship,Autres pays de citoyenneté,2
2009,Country of citizenship not stated,Pays de citoyenneté non déclaré,122
2010,India,Inde,34225
2010,Philippines,Philippines,38615
2010,"China, People's Republic of","Chine, République populaire de",30379
2010,Syria,Syrie,1040
2010,United States of America,États-Unis d'Amérique,8139
2010,Pakistan,Pakistan,6810
2010,France,France,4646
2010,Nigeria,Nigéria,3906
2010,United Kingdom and Overseas Territories,Royaume-Uni et territoires d’outre-mer,8715
2010,Iraq,Iraq,5941
2010,Iran,Iran,7477
2010,Eritrea,Érythrée,931
2010,"Korea, Republic of","Corée, République de",5537
2010,Jamaica,Jamaïque,2321
2010,Afghanistan,Afghanistan,1758
2010,Ukraine,Ukraine,3157
2010,Bangladesh,Bangladesh,4721
2010,Mexico,Mexique,3861
2010,Egypt,Égypte,5982
2010,Brazil,Brésil,2598
2010,Algeria,Algérie,4751
2010,Vietnam,Viêt-Nam,1942
2010,"Congo, Democratic Republic of the","Congo, République démocratique du",1237
2010,Haiti,Haïti,4730
2010,Russia,Russie,2288
2010,"Cameroon, Federal Republic of","Cameroun, République fédérale du",1801
2010,Morocco,Maroc,6242
2010,Colombia,Colombie,5218
2010,Sri Lanka,Sri Lanka,4419
2010,"Ireland, Republic of","Irlande, République d'",548
2010,Ethiopia,Éthiopie,1865
2010,Israel,Israël,2755
2010,Australia,Australie,933
2010,"South Africa, Republic of","Afrique du Sud, République d'",1238
2010,Tunisia,Tunisie,1299
2010,"Ivory Coast, Republic of","Côte-d'Ivoire, République  de la",1066
2010,"Somalia, Democratic Republic of","Somalie, République démocratique de",1526
2010,Lebanon,Liban,3432
2010,Hong Kong,Hong Kong,623
2010,Germany,Allemagne,2955
2010,Turkey,Turquie,1492
2010,Nepal,Népal,1392
2010,Japan,Japon,1167
2010,Italy,Italie,434
2010,Venezuela,Venezuela,998
2010,Poland,Pologne,795
2010,Romania,Roumanie,1922
2010,Stateless,Apatride,698
2010,Cuba,Cuba,961
2010,Burundi,Burundi,529
2010,Taiwan,Taïwan,2629
2010,Jordan,Jordanie,1831
2010,Portugal,Portugal,629
2010,Mauritius,Maurice,1455
2010,El Salvador,El Salvador,768
2010,Hungary,Hongrie,354
2010,Ghana,Ghana,802
2010,Moldova,Moldavie,1988
2010,Spain,Espagne,174
2010,Dominican Republic,République dominicaine,455
2010,Albania,Albanie,560
2010,Thailand,Thaïlande,499
2010,Croatia,Croatie,91
2010,Senegal,Sénégal,765
2010,Belgium,Belgique,363
2010,"Indonesia, Republic of","Indonésie, République d'",712
2010,Libya,Libye,384
2010,"Netherlands, The",Pays-Bas,759
2010,St. Vincent and the Grenadines,Saint-Vincent-et-les-Grenadines,434
2010,Kenya,Kenya,507
2010,Guyana,Guyane,953
2010,"Sudan, Democratic Republic of","Soudan, République démocratique du",612
2010,Peru,Pérou,1282
2010,Zimbabwe,Zimbabwe,494
2010,Greece,Grèce,101
2010,New Zealand,Nouvelle-Zélande,489
2010,Honduras,Honduras,385
2010,St. Lucia,Sainte-Lucie,249
2010,"Guinea, Republic of","Guinée, République de",395
2010,"Serbia, Republic of","Serbie, République de",243
2010,"Trinidad and Tobago, Republic of","Trinité-et-Tobago, République de",914
2010,Malaysia,Malaisie,799
2010,Rwanda,Rwanda,396
2010,Palestinian Authority (Gaza/West Bank),Autorité palestinienne (Gaza/Cisjordanie),652
2010,Kazakhstan,Kazakhstan,377
2010,Singapore,Singapour,805
2010,Czech Republic,République tchèque,168
2010,Chile,Chili,340
2010,Belarus,Bélarus,438
2010,Bulgaria,Bulgarie,556
2010,Burkina-Faso,Burkina Faso,186
2010,Slovak Republic,République slovaque,135
2010,Armenia,Arménie,252
2010,Yemen,Yémen,211
2010,Guatemala,Guatemala,265
2010,Argentina,Argentine,459
2010,Central African Republic,République centrafricaine,25
2010,Cambodia,Cambodge,200
2010,Uganda,Ouganda,216
2010,Ecuador,Équateur,353
2010,Saudi Arabia,Arabie saoudite,330
2010,"Togo, Republic of","Togo, République du",354
2010,Barbados,Barbade,121
2010,"Tanzania, United Republic of","Tanzanie, République unie de",200
2010,"Benin, Republic of","Bénin, République du",290
2010,Switzerland,Suisse,285
2010,"Djibouti, Republic of","Djibouti, République de",123
2010,"Mali, Republic of","Mali, République du",170
2010,Uzbekistan,Ouzbékistan,289
2010,Myanmar (Burma),Myanmar (Birmanie),556
2010,Sweden,Suède,159
2010,Fiji,Fidji,398
2010,"Kosovo, Republic of","Kosovo, République du",226
2010,Lithuania,Lituanie,57
2010,Costa Rica,Costa Rica,190
2010,Georgia,Géorgie,126
2010,Kyrgyzstan,Kirghizistan,157
2010,"Congo, People's Republic of the","Congo, République populaire du",75
2010,"Bahama Islands, The",Bahamas,25
2010,"Chad, Republic of","Tchad, République du",98
2010,Madagascar,Madagascar,178
2010,Namibia,Namibie,17
2010,Azerbaijan,Azerbaïdjan,209
2010,Grenada,Grenade,208
2010,"South Sudan, Republic of","Soudan du Sud, République du",0
2010,Bosnia-Herzegovina,Bosnie-Herzégovine,168
2010,Finland,Finlande,63
2010,Latvia,Lettonie,70
2010,Austria,Autriche,124
2010,Nicaragua,Nicaragua,91
2010,Bolivia,Bolivie,180
2010,Denmark,Danemark,92
2010,Macedonia,Macédoine,188
2010,Zambia,Zambie,102
2010,"Mongolia, People's Republic of","Mongolie, République populaire de",169
2010,Antigua and Barbuda,Antigua-et-Barbuda,27
2010,Belize,Bélize,39
2010,"Botswana, Republic of","Botswana, République du",42
2010,Mauritania,Mauritanie,74
2010,Norway,Norvège,46
2010,Bhutan,Bhoutan,1464
2010,Gambia,Gambie,37
2010,"Niger, Republic of the","Niger, République du",80
2010,Paraguay,Paraguay,89
2010,"Panama, Republic of","Panama, République du",65
2010,Liberia,Libéria,162
2010,Slovenia,Slovénie,12
2010,Angola,Angola,61
2010,Gabon Republic,"Gabon, République du",64
2010,Sierra Leone,Sierra Leone,63
2010,Swaziland,Swaziland,3
2010,Tajikistan,Tadjikistan,52
2010,Bahrain,Bahreïn,28
2010,Estonia,Estonie,28
2010,Dominica,Dominique,43
2010,St. Kitts-Nevis,Saint-Kitts-et-Nevis,21
2010,Macau,Macao,21
2010,Iceland,Islande,30
2010,Kuwait,Koweït,67
2010,Laos,Laos,54
2010,Turkmenistan,Turkménistan,30
2010,Uruguay,Uruguay,93
2010,Malawi,Malawi,28
2010,Cyprus,Chypre,18
2010,"Montenegro, Republic of","Monténégro, République du",13
2010,United Arab Emirates,Émirats arabes unis,86
2010,Oman,Oman,14
2010,Brunei,Brunei,12
2010,Comoros,"Comores, Les",22
2010,"Korea, People's Democratic Republic of","Corée, République démocratique populaire de",45
2010,Malta,Malte,17
2010,Mozambique,Mozambique,7
2010,Surinam,Surinam,13
2010,Luxembourg,Luxembourg,8
2010,Papua New Guinea,Papouasie-Nouvelle-Guinée,3
2010,Seychelles,Seychelles,10
2010,"Equatorial Guinea, Republic of",Guinée équatoriale,4
2010,Lesotho,Lesotho,7
2010,Qatar,Qatar,18
2010,Cape Verde Islands,Îles du Cap-Vert,3
2010,Guinea-Bissau,Guinée-Bissau,2
2010,"Maldives, Republic of","Maldives, République des",4
2010,Monaco,Monaco,4
2010,Yugoslavia,Yougoslavie,46
2010,Czechoslovakia,Tchécoslovaquie,0
2010,New Caledonia,Nouvelle-Calédonie,0
2010,San Marino,Saint-Marin,1
2010,"Solomons, The","Salomons, Les",5
2010,"Samoa, Independent State of","Samoa, État indépendant du",5
2010,Pitcairn Island,"Pitcairn, Îles",0
2010,"Marshall Islands, Republic of the","Îles Marshall, République des",0
2010,Nevis,Nevis,0
2010,Serbia and Montenegro,Serbie-et-Montenegro,109
2010,Tibet,Tibet,0
2010,Western Sahara,Sahara occidental,0
2010,Tonga,Tonga,5
2010,Andorra,Andorre,0
2010,"Palau, Republic of","Palaos, République des",0
2010,"East Timor, Democratic Republic of",République démocratique du Timor-Leste,0
2010,Europe NES,Europe NMA,2
2010,Vanuatu,Vanuatu,0
2010,Nauru,Nauru,0
2010,Sao Tome and Principe,Sao Tomé-et-Principe,2
2010,"Micronesia, Federated States of","Micronésie, Etats Federes de",0
2010,Kiribati,Kiribati,0
2010,Liechtenstein,Liechtenstein,0
2010,Tuvalu,Tuvalu,0
2010,Union of Soviet Socialist Republics,Union des républiques socialistes soviétiques,2
2010,Soloman Islands,"Soloman, Îles",0
2010,Panama Canal Zone,"Canal de Panama, Zone du",0
2010,Other countries of citizenship,Autres pays de citoyenneté,8
2010,Country of citizenship not stated,Pays de citoyenneté non déclaré,160
2011,India,Inde,27486
2011,Philippines,Philippines,36758
2011,"China, People's Republic of","Chine, République populaire de",28491
2011,Syria,Syrie,1005
2011,United States of America,États-Unis d'Amérique,7671
2011,Pakistan,Pakistan,7467
2011,France,France,4080
2011,Nigeria,Nigéria,3102
2011,United Kingdom and Overseas Territories,Royaume-Uni et territoires d’outre-mer,6128
2011,Iraq,Iraq,6196
2011,Iran,Iran,7479
2011,Eritrea,Érythrée,1182
2011,"Korea, Republic of","Corée, République de",4588
2011,Jamaica,Jamaïque,2059
2011,Afghanistan,Afghanistan,2203
2011,Ukraine,Ukraine,2516
2011,Bangladesh,Bangladesh,2694
2011,Mexico,Mexique,3947
2011,Egypt,Égypte,4663
2011,Brazil,Brésil,1508
2011,Algeria,Algérie,4325
2011,Vietnam,Viêt-Nam,1723
2011,"Congo, Democratic Republic of the","Congo, République démocratique du",1217
2011,Haiti,Haïti,6469
2011,Russia,Russie,1963
2011,"Cameroon, Federal Republic of","Cameroun, République fédérale du",1635
2011,Morocco,Maroc,4390
2011,Colombia,Colombie,4366
2011,Sri Lanka,Sri Lanka,3309
2011,"Ireland, Republic of","Irlande, République d'",524
2011,Ethiopia,Éthiopie,2163
2011,Israel,Israël,1967
2011,Australia,Australie,849
2011,"South Africa, Republic of","Afrique du Sud, République d'",959
2011,Tunisia,Tunisie,1441
2011,"Ivory Coast, Republic of","Côte-d'Ivoire, République  de la",636
2011,"Somalia, Democratic Republic of","Somalie, République démocratique de",1532
2011,Lebanon,Liban,3070
2011,Hong Kong,Hong Kong,586
2011,Germany,Allemagne,2015
2011,Turkey,Turquie,1255
2011,Nepal,Népal,1129
2011,Japan,Japon,1265
2011,Italy,Italie,374
2011,Venezuela,Venezuela,1451
2011,Poland,Pologne,720
2011,Romania,Roumanie,1776
2011,Stateless,Apatride,557
2011,Cuba,Cuba,961
2011,Burundi,Burundi,604
2011,Taiwan,Taïwan,1703
2011,Jordan,Jordanie,1635
2011,Portugal,Portugal,528
2011,Mauritius,Maurice,1146
2011,El Salvador,El Salvador,690
2011,Hungary,Hongrie,287
2011,Ghana,Ghana,528
2011,Moldova,Moldavie,1367
2011,Spain,Espagne,179
2011,Dominican Republic,République dominicaine,735
2011,Albania,Albanie,539
2011,Thailand,Thaïlande,396
2011,Croatia,Croatie,135
2011,Senegal,Sénégal,740
2011,Belgium,Belgique,332
2011,"Indonesia, Republic of","Indonésie, République d'",390
2011,Libya,Libye,352
2011,"Netherlands, The",Pays-Bas,585
2011,St. Vincent and the Grenadines,Saint-Vincent-et-les-Grenadines,451
2011,Kenya,Kenya,585
2011,Guyana,Guyane,803
2011,"Sudan, Democratic Republic of","Soudan, République démocratique du",530
2011,Peru,Pérou,886
2011,Zimbabwe,Zimbabwe,434
2011,Greece,Grèce,102
2011,New Zealand,Nouvelle-Zélande,375
2011,Honduras,Honduras,538
2011,St. Lucia,Sainte-Lucie,261
2011,"Guinea, Republic of","Guinée, République de",352
2011,"Serbia, Republic of","Serbie, République de",280
2011,"Trinidad and Tobago, Republic of","Trinité-et-Tobago, République de",588
2011,Malaysia,Malaisie,409
2011,Rwanda,Rwanda,492
2011,Palestinian Authority (Gaza/West Bank),Autorité palestinienne (Gaza/Cisjordanie),555
2011,Kazakhstan,Kazakhstan,381
2011,Singapore,Singapour,219
2011,Czech Republic,République tchèque,128
2011,Chile,Chili,174
2011,Belarus,Bélarus,357
2011,Bulgaria,Bulgarie,365
2011,Burkina-Faso,Burkina Faso,144
2011,Slovak Republic,République slovaque,134
2011,Armenia,Arménie,236
2011,Yemen,Yémen,159
2011,Guatemala,Guatemala,288
2011,Argentina,Argentine,278
2011,Central African Republic,République centrafricaine,18
2011,Cambodia,Cambodge,196
2011,Uganda,Ouganda,213
2011,Ecuador,Équateur,348
2011,Saudi Arabia,Arabie saoudite,278
2011,"Togo, Republic of","Togo, République du",261
2011,Barbados,Barbade,97
2011,"Tanzania, United Republic of","Tanzanie, République unie de",215
2011,"Benin, Republic of","Bénin, République du",284
2011,Switzerland,Suisse,266
2011,"Djibouti, Republic of","Djibouti, République de",127
2011,"Mali, Republic of","Mali, République du",155
2011,Uzbekistan,Ouzbékistan,162
2011,Myanmar (Burma),Myanmar (Birmanie),365
2011,Sweden,Suède,133
2011,Fiji,Fidji,316
2011,"Kosovo, Republic of","Kosovo, République du",208
2011,Lithuania,Lituanie,52
2011,Costa Rica,Costa Rica,148
2011,Georgia,Géorgie,139
2011,Kyrgyzstan,Kirghizistan,159
2011,"Congo, People's Republic of the","Congo, République populaire du",81
2011,"Bahama Islands, The",Bahamas,40
2011,"Chad, Republic of","Tchad, République du",79
2011,Madagascar,Madagascar,148
2011,Namibia,Namibie,22
2011,Azerbaijan,Azerbaïdjan,137
2011,Grenada,Grenade,173
2011,"South Sudan, Republic of","Soudan du Sud, République du",0
2011,Bosnia-Herzegovina,Bosnie-Herzégovine,140
2011,Finland,Finlande,72
2011,Latvia,Lettonie,103
2011,Austria,Autriche,84
2011,Nicaragua,Nicaragua,122
2011,Bolivia,Bolivie,86
2011,Denmark,Danemark,93
2011,Macedonia,Macédoine,130
2011,Zambia,Zambie,69
2011,"Mongolia, People's Republic of","Mongolie, République populaire de",103
2011,Antigua and Barbuda,Antigua-et-Barbuda,37
2011,Belize,Bélize,35
2011,"Botswana, Republic of","Botswana, République du",53
2011,Mauritania,Mauritanie,54
2011,Norway,Norvège,49
2011,Bhutan,Bhoutan,1879
2011,Gambia,Gambie,24
2011,"Niger, Republic of the","Niger, République du",90
2011,Paraguay,Paraguay,83
2011,"Panama, Republic of","Panama, République du",49
2011,Liberia,Libéria,106
2011,Slovenia,Slovénie,13
2011,Angola,Angola,39
2011,Gabon Republic,"Gabon, République du",63
2011,Sierra Leone,Sierra Leone,96
2011,Swaziland,Swaziland,13
2011,Tajikistan,Tadjikistan,47
2011,Bahrain,Bahreïn,21
2011,Estonia,Estonie,15
2011,Dominica,Dominique,36
2011,St. Kitts-Nevis,Saint-Kitts-et-Nevis,12
2011,Macau,Macao,13
2011,Iceland,Islande,38
2011,Kuwait,Koweït,58
2011,Laos,Laos,22
2011,Turkmenistan,Turkménistan,20
2011,Uruguay,Uruguay,81
2011,Malawi,Malawi,16
2011,Cyprus,Chypre,6
2011,"Montenegro, Republic of","Monténégro, République du",18
2011,United Arab Emirates,Émirats arabes unis,60
2011,Oman,Oman,10
2011,Brunei,Brunei,6
2011,Comoros,"Comores, Les",14
2011,"Korea, People's Democratic Republic of","Corée, République démocratique populaire de",97
2011,Malta,Malte,8
2011,Mozambique,Mozambique,3
2011,Surinam,Surinam,11
2011,Luxembourg,Luxembourg,11
2011,Papua New Guinea,Papouasie-Nouvelle-Guinée,0
2011,Seychelles,Seychelles,10
2011,"Equatorial Guinea, Republic of",Guinée équatoriale,4
2011,Lesotho,Lesotho,1
2011,Qatar,Qatar,3
2011,Cape Verde Islands,Îles du Cap-Vert,3
2011,Guinea-Bissau,Guinée-Bissau,2
2011,"Maldives, Republic of","Maldives, République des",3
2011,Monaco,Monaco,1
2011,Yugoslavia,Yougoslavie,17
2011,Czechoslovakia,Tchécoslovaquie,0
2011,New Caledonia,Nouvelle-Calédonie,0
2011,San Marino,Saint-Marin,0
2011,"Solomons, The","Salomons, Les",10
2011,"Samoa, Independent State of","Samoa, État indépendant du",3
2011,Pitcairn Island,"Pitcairn, Îles",0
2011,"Marshall Islands, Republic of the","Îles Marshall, République des",0
2011,Nevis,Nevis,0
2011,Serbia and Montenegro,Serbie-et-Montenegro,39
2011,Tibet,Tibet,0
2011,Western Sahara,Sahara occidental,0
2011,Tonga,Tonga,2
2011,Andorra,Andorre,0
2011,"Palau, Republic of","Palaos, République des",0
2011,"East Timor, Democratic Republic of",République démocratique du Timor-Leste,0
2011,Europe NES,Europe NMA,0
2011,Vanuatu,Vanuatu,0
2011,Nauru,Nauru,0
2011,Sao Tome and Principe,Sao Tomé-et-Principe,0
2011,"Micronesia, Federated States of","Micronésie, Etats Federes de",0
2011,Kiribati,Kiribati,0
2011,Liechtenstein,Liechtenstein,2
2011,Tuvalu,Tuvalu,1
2011,Union of Soviet Socialist Republics,Union des républiques socialistes soviétiques,0
2011,Soloman Islands,"Soloman, Îles",0
2011,Panama Canal Zone,"Canal de Panama, Zone du",0
2011,Other countries of citizenship,Autres pays de citoyenneté,20
2011,Country of citizenship not stated,Pays de citoyenneté non déclaré,228
2012,India,Inde,30914
2012,Philippines,Philippines,34299
2012,"China, People's Republic of","Chine, République populaire de",33009
2012,Syria,Syrie,649
2012,United States of America,États-Unis d'Amérique,7870
2012,Pakistan,Pakistan,11208
2012,France,France,6270
2012,Nigeria,Nigéria,3441
2012,United Kingdom and Overseas Territories,Royaume-Uni et territoires d’outre-mer,6171
2012,Iraq,Iraq,4036
2012,Iran,Iran,7525
2012,Eritrea,Érythrée,1335
2012,"Korea, Republic of","Corée, République de",5315
2012,Jamaica,Jamaïque,2173
2012,Afghanistan,Afghanistan,2635
2012,Ukraine,Ukraine,2263
2012,Bangladesh,Bangladesh,2630
2012,Mexico,Mexique,4227
2012,Egypt,Égypte,5550
2012,Brazil,Brésil,1642
2012,Algeria,Algérie,3762
2012,Vietnam,Viêt-Nam,1729
2012,"Congo, Democratic Republic of the","Congo, République démocratique du",1711
2012,Haiti,Haïti,5855
2012,Russia,Russie,2077
2012,"Cameroon, Federal Republic of","Cameroun, République fédérale du",2503
2012,Morocco,Maroc,3855
2012,Colombia,Colombie,3736
2012,Sri Lanka,Sri Lanka,3338
2012,"Ireland, Republic of","Irlande, République d'",725
2012,Ethiopia,Éthiopie,1859
2012,Israel,Israël,2132
2012,Australia,Australie,982
2012,"South Africa, Republic of","Afrique du Sud, République d'",1242
2012,Tunisia,Tunisie,1495
2012,"Ivory Coast, Republic of","Côte-d'Ivoire, République  de la",1023
2012,"Somalia, Democratic Republic of","Somalie, République démocratique de",1574
2012,Lebanon,Liban,1614
2012,Hong Kong,Hong Kong,719
2012,Germany,Allemagne,1699
2012,Turkey,Turquie,1068
2012,Nepal,Népal,1185
2012,Japan,Japon,1210
2012,Italy,Italie,438
2012,Venezuela,Venezuela,1366
2012,Poland,Pologne,779
2012,Romania,Roumanie,1588
2012,Stateless,Apatride,484
2012,Cuba,Cuba,1301
2012,Burundi,Burundi,682
2012,Taiwan,Taïwan,985
2012,Jordan,Jordanie,1206
2012,Portugal,Portugal,560
2012,Mauritius,Maurice,798
2012,El Salvador,El Salvador,641
2012,Hungary,Hongrie,300
2012,Ghana,Ghana,531
2012,Moldova,Moldavie,1416
2012,Spain,Espagne,259
2012,Dominican Republic,République dominicaine,604
2012,Albania,Albanie,619
2012,Thailand,Thaïlande,296
2012,Croatia,Croatie,112
2012,Senegal,Sénégal,948
2012,Belgium,Belgique,401
2012,"Indonesia, Republic of","Indonésie, République d'",395
2012,Libya,Libye,299
2012,"Netherlands, The",Pays-Bas,502
2012,St. Vincent and the Grenadines,Saint-Vincent-et-les-Grenadines,523
2012,Kenya,Kenya,718
2012,Guyana,Guyane,672
2012,"Sudan, Democratic Republic of","Soudan, République démocratique du",444
2012,Peru,Pérou,787
2012,Zimbabwe,Zimbabwe,437
2012,Greece,Grèce,146
2012,New Zealand,Nouvelle-Zélande,417
2012,Honduras,Honduras,436
2012,St. Lucia,Sainte-Lucie,382
2012,"Guinea, Republic of","Guinée, République de",406
2012,"Serbia, Republic of","Serbie, République de",381
2012,"Trinidad and Tobago, Republic of","Trinité-et-Tobago, République de",579
2012,Malaysia,Malaisie,356
2012,Rwanda,Rwanda,562
2012,Palestinian Authority (Gaza/West Bank),Autorité palestinienne (Gaza/Cisjordanie),531
2012,Kazakhstan,Kazakhstan,462
2012,Singapore,Singapour,145
2012,Czech Republic,République tchèque,173
2012,Chile,Chili,291
2012,Belarus,Bélarus,277
2012,Bulgaria,Bulgarie,451
2012,Burkina-Faso,Burkina Faso,269
2012,Slovak Republic,République slovaque,136
2012,Armenia,Arménie,258
2012,Yemen,Yémen,174
2012,Guatemala,Guatemala,358
2012,Argentina,Argentine,263
2012,Central African Republic,République centrafricaine,44
2012,Cambodia,Cambodge,233
2012,Uganda,Ouganda,222
2012,Ecuador,Équateur,279
2012,Saudi Arabia,Arabie saoudite,286
2012,"Togo, Republic of","Togo, République du",299
2012,Barbados,Barbade,132
2012,"Tanzania, United Republic of","Tanzanie, République unie de",224
2012,"Benin, Republic of","Bénin, République du",390
2012,Switzerland,Suisse,243
2012,"Djibouti, Republic of","Djibouti, République de",164
2012,"Mali, Republic of","Mali, République du",191
2012,Uzbekistan,Ouzbékistan,234
2012,Myanmar (Burma),Myanmar (Birmanie),193
2012,Sweden,Suède,140
2012,Fiji,Fidji,270
2012,"Kosovo, Republic of","Kosovo, République du",147
2012,Lithuania,Lituanie,77
2012,Costa Rica,Costa Rica,183
2012,Georgia,Géorgie,148
2012,Kyrgyzstan,Kirghizistan,278
2012,"Congo, People's Republic of the","Congo, République populaire du",91
2012,"Bahama Islands, The",Bahamas,60
2012,"Chad, Republic of","Tchad, République du",97
2012,Madagascar,Madagascar,165
2012,Namibia,Namibie,24
2012,Azerbaijan,Azerbaïdjan,160
2012,Grenada,Grenade,142
2012,"South Sudan, Republic of","Soudan du Sud, République du",6
2012,Bosnia-Herzegovina,Bosnie-Herzégovine,121
2012,Finland,Finlande,62
2012,Latvia,Lettonie,199
2012,Austria,Autriche,102
2012,Nicaragua,Nicaragua,106
2012,Bolivia,Bolivie,83
2012,Denmark,Danemark,93
2012,Macedonia,Macédoine,126
2012,Zambia,Zambie,46
2012,"Mongolia, People's Republic of","Mongolie, République populaire de",68
2012,Antigua and Barbuda,Antigua-et-Barbuda,50
2012,Belize,Bélize,33
2012,"Botswana, Republic of","Botswana, République du",64
2012,Mauritania,Mauritanie,77
2012,Norway,Norvège,53
2012,Bhutan,Bhoutan,1075
2012,Gambia,Gambie,18
2012,"Niger, Republic of the","Niger, République du",95
2012,Paraguay,Paraguay,55
2012,"Panama, Republic of","Panama, République du",34
2012,Liberia,Libéria,58
2012,Slovenia,Slovénie,36
2012,Angola,Angola,70
2012,Gabon Republic,"Gabon, République du",74
2012,Sierra Leone,Sierra Leone,72
2012,Swaziland,Swaziland,17
2012,Tajikistan,Tadjikistan,34
2012,Bahrain,Bahreïn,39
2012,Estonia,Estonie,26
2012,Dominica,Dominique,43
2012,St. Kitts-Nevis,Saint-Kitts-et-Nevis,21
2012,Macau,Macao,33
2012,Iceland,Islande,42
2012,Kuwait,Koweït,73
2012,Laos,Laos,25
2012,Turkmenistan,Turkménistan,19
2012,Uruguay,Uruguay,47
2012,Malawi,Malawi,9
2012,Cyprus,Chypre,12
2012,"Montenegro, Republic of","Monténégro, République du",24
2012,United Arab Emirates,Émirats arabes unis,54
2012,Oman,Oman,13
2012,Brunei,Brunei,3
2012,Comoros,"Comores, Les",18
2012,"Korea, People's Democratic Republic of","Corée, République démocratique populaire de",66
2012,Malta,Malte,9
2012,Mozambique,Mozambique,4
2012,Surinam,Surinam,16
2012,Luxembourg,Luxembourg,6
2012,Papua New Guinea,Papouasie-Nouvelle-Guinée,3
2012,Seychelles,Seychelles,6
2012,"Equatorial Guinea, Republic of",Guinée équatoriale,4
2012,Lesotho,Lesotho,0
2012,Qatar,Qatar,14
2012,Cape Verde Islands,Îles du Cap-Vert,6
2012,Guinea-Bissau,Guinée-Bissau,4
2012,"Maldives, Republic of","Maldives, République des",1
2012,Monaco,Monaco,3
2012,Yugoslavia,Yougoslavie,12
2012,Czechoslovakia,Tchécoslovaquie,0
2012,New Caledonia,Nouvelle-Calédonie,0
2012,San Marino,Saint-Marin,0
2012,"Solomons, The","Salomons, Les",0
2012,"Samoa, Independent State of","Samoa, État indépendant du",2
2012,Pitcairn Island,"Pitcairn, Îles",0
2012,"Marshall Islands, Republic of the","Îles Marshall, République des",0
2012,Nevis,Nevis,0
2012,Serbia and Montenegro,Serbie-et-Montenegro,32
2012,Tibet,Tibet,0
2012,Western Sahara,Sahara occidental,0
2012,Tonga,Tonga,3
2012,Andorra,Andorre,1
2012,"Palau, Republic of","Palaos, République des",0
2012,"East Timor, Democratic Republic of",République démocratique du Timor-Leste,0
2012,Europe NES,Europe NMA,0
2012,Vanuatu,Vanuatu,0
2012,Nauru,Nauru,0
2012,Sao Tome and Principe,Sao Tomé-et-Principe,0
2012,"Micronesia, Federated States of","Micronésie, Etats Federes de",0
2012,Kiribati,Kiribati,2
2012,Liechtenstein,Liechtenstein,1
2012,Tuvalu,Tuvalu,0
2012,Union of Soviet Socialist Republics,Union des républiques socialistes soviétiques,0
2012,Soloman Islands,"Soloman, Îles",0
2012,Panama Canal Zone,"Canal de Panama, Zone du",0
2012,Other countries of citizenship,Autres pays de citoyenneté,28
2012,Country of citizenship not stated,Pays de citoyenneté non déclaré,197
2013,India,Inde,33078
2013,Philippines,Philippines,29530
2013,"China, People's Republic of","Chine, République populaire de",34114
2013,Syria,Syrie,1008
2013,United States of America,États-Unis d'Amérique,8485
2013,Pakistan,Pakistan,12611
2013,France,France,5623
2013,Nigeria,Nigéria,4171
2013,United Kingdom and Overseas Territories,Royaume-Uni et territoires d’outre-mer,5814
2013,Iraq,Iraq,4912
2013,Iran,Iran,11288
2013,Eritrea,Érythrée,1719
2013,"Korea, Republic of","Corée, République de",4509
2013,Jamaica,Jamaïque,2480
2013,Afghanistan,Afghanistan,2003
2013,Ukraine,Ukraine,2484
2013,Bangladesh,Bangladesh,3792
2013,Mexico,Mexique,3995
2013,Egypt,Égypte,4165
2013,Brazil,Brésil,1712
2013,Algeria,Algérie,4325
2013,Vietnam,Viêt-Nam,2112
2013,"Congo, Democratic Republic of the","Congo, République démocratique du",2050
2013,Haiti,Haïti,4147
2013,Russia,Russie,2462
2013,"Cameroon, Federal Republic of","Cameroun, République fédérale du",2438
2013,Morocco,Maroc,3276
2013,Colombia,Colombie,3633
2013,Sri Lanka,Sri Lanka,2394
2013,"Ireland, Republic of","Irlande, République d'",1015
2013,Ethiopia,Éthiopie,1608
2013,Israel,Israël,1945
2013,Australia,Australie,1120
2013,"South Africa, Republic of","Afrique du Sud, République d'",1238
2013,Tunisia,Tunisie,1624
2013,"Ivory Coast, Republic of","Côte-d'Ivoire, République  de la",1170
2013,"Somalia, Democratic Republic of","Somalie, République démocratique de",2029
2013,Lebanon,Liban,2175
2013,Hong Kong,Hong Kong,774
2013,Germany,Allemagne,1216
2013,Turkey,Turquie,729
2013,Nepal,Népal,1308
2013,Japan,Japon,983
2013,Italy,Italie,545
2013,Venezuela,Venezuela,1022
2013,Poland,Pologne,853
2013,Romania,Roumanie,1512
2013,Stateless,Apatride,461
2013,Cuba,Cuba,1401
2013,Burundi,Burundi,480
2013,Taiwan,Taïwan,768
2013,Jordan,Jordanie,1255
2013,Portugal,Portugal,630
2013,Mauritius,Maurice,1203
2013,El Salvador,El Salvador,637
2013,Hungary,Hongrie,423
2013,Ghana,Ghana,518
2013,Moldova,Moldavie,1232
2013,Spain,Espagne,330
2013,Dominican Republic,République dominicaine,589
2013,Albania,Albanie,603
2013,Thailand,Thaïlande,400
2013,Croatia,Croatie,125
2013,Senegal,Sénégal,818
2013,Belgium,Belgique,379
2013,"Indonesia, Republic of","Indonésie, République d'",386
2013,Libya,Libye,255
2013,"Netherlands, The",Pays-Bas,395
2013,St. Vincent and the Grenadines,Saint-Vincent-et-les-Grenadines,539
2013,Kenya,Kenya,664
2013,Guyana,Guyane,656
2013,"Sudan, Democratic Republic of","Soudan, République démocratique du",343
2013,Peru,Pérou,683
2013,Zimbabwe,Zimbabwe,408
2013,Greece,Grèce,299
2013,New Zealand,Nouvelle-Zélande,415
2013,Honduras,Honduras,350
2013,St. Lucia,Sainte-Lucie,392
2013,"Guinea, Republic of","Guinée, République de",462
2013,"Serbia, Republic of","Serbie, République de",295
2013,"Trinidad and Tobago, Republic of","Trinité-et-Tobago, République de",427
2013,Malaysia,Malaisie,204
2013,Rwanda,Rwanda,415
2013,Palestinian Authority (Gaza/West Bank),Autorité palestinienne (Gaza/Cisjordanie),462
2013,Kazakhstan,Kazakhstan,347
2013,Singapore,Singapour,141
2013,Czech Republic,République tchèque,174
2013,Chile,Chili,273
2013,Belarus,Bélarus,247
2013,Bulgaria,Bulgarie,512
2013,Burkina-Faso,Burkina Faso,322
2013,Slovak Republic,République slovaque,105
2013,Armenia,Arménie,208
2013,Yemen,Yémen,217
2013,Guatemala,Guatemala,348
2013,Argentina,Argentine,282
2013,Central African Republic,République centrafricaine,169
2013,Cambodia,Cambodge,289
2013,Uganda,Ouganda,204
2013,Ecuador,Équateur,418
2013,Saudi Arabia,Arabie saoudite,267
2013,"Togo, Republic of","Togo, République du",315
2013,Barbados,Barbade,97
2013,"Tanzania, United Republic of","Tanzanie, République unie de",182
2013,"Benin, Republic of","Bénin, République du",397
2013,Switzerland,Suisse,200
2013,"Djibouti, Republic of","Djibouti, République de",204
2013,"Mali, Republic of","Mali, République du",190
2013,Uzbekistan,Ouzbékistan,167
2013,Myanmar (Burma),Myanmar (Birmanie),262
2013,Sweden,Suède,140
2013,Fiji,Fidji,228
2013,"Kosovo, Republic of","Kosovo, République du",171
2013,Lithuania,Lituanie,145
2013,Costa Rica,Costa Rica,122
2013,Georgia,Géorgie,125
2013,Kyrgyzstan,Kirghizistan,123
2013,"Congo, People's Republic of the","Congo, République populaire du",114
2013,"Bahama Islands, The",Bahamas,55
2013,"Chad, Republic of","Tchad, République du",86
2013,Madagascar,Madagascar,229
2013,Namibia,Namibie,83
2013,Azerbaijan,Azerbaïdjan,57
2013,Grenada,Grenade,170
2013,"South Sudan, Republic of","Soudan du Sud, République du",30
2013,Bosnia-Herzegovina,Bosnie-Herzégovine,119
2013,Finland,Finlande,76
2013,Latvia,Lettonie,215
2013,Austria,Autriche,90
2013,Nicaragua,Nicaragua,96
2013,Bolivia,Bolivie,107
2013,Denmark,Danemark,81
2013,Macedonia,Macédoine,112
2013,Zambia,Zambie,59
2013,"Mongolia, People's Republic of","Mongolie, République populaire de",99
2013,Antigua and Barbuda,Antigua-et-Barbuda,25
2013,Belize,Bélize,53
2013,"Botswana, Republic of","Botswana, République du",77
2013,Mauritania,Mauritanie,57
2013,Norway,Norvège,59
2013,Bhutan,Bhoutan,487
2013,Gambia,Gambie,33
2013,"Niger, Republic of the","Niger, République du",105
2013,Paraguay,Paraguay,66
2013,"Panama, Republic of","Panama, République du",43
2013,Liberia,Libéria,39
2013,Slovenia,Slovénie,20
2013,Angola,Angola,45
2013,Gabon Republic,"Gabon, République du",90
2013,Sierra Leone,Sierra Leone,63
2013,Swaziland,Swaziland,40
2013,Tajikistan,Tadjikistan,39
2013,Bahrain,Bahreïn,32
2013,Estonia,Estonie,45
2013,Dominica,Dominique,48
2013,St. Kitts-Nevis,Saint-Kitts-et-Nevis,17
2013,Macau,Macao,29
2013,Iceland,Islande,72
2013,Kuwait,Koweït,48
2013,Laos,Laos,15
2013,Turkmenistan,Turkménistan,14
2013,Uruguay,Uruguay,58
2013,Malawi,Malawi,10
2013,Cyprus,Chypre,16
2013,"Montenegro, Republic of","Monténégro, République du",9
2013,United Arab Emirates,Émirats arabes unis,46
2013,Oman,Oman,11
2013,Brunei,Brunei,6
2013,Comoros,"Comores, Les",22
2013,"Korea, People's Democratic Republic of","Corée, République démocratique populaire de",17
2013,Malta,Malte,4
2013,Mozambique,Mozambique,12
2013,Surinam,Surinam,4
2013,Luxembourg,Luxembourg,7
2013,Papua New Guinea,Papouasie-Nouvelle-Guinée,3
2013,Seychelles,Seychelles,5
2013,"Equatorial Guinea, Republic of",Guinée équatoriale,11
2013,Lesotho,Lesotho,6
2013,Qatar,Qatar,6
2013,Cape Verde Islands,Îles du Cap-Vert,2
2013,Guinea-Bissau,Guinée-Bissau,0
2013,"Maldives, Republic of","Maldives, République des",1
2013,Monaco,Monaco,1
2013,Yugoslavia,Yougoslavie,7
2013,Czechoslovakia,Tchécoslovaquie,0
2013,New Caledonia,Nouvelle-Calédonie,2
2013,San Marino,Saint-Marin,0
2013,"Solomons, The","Salomons, Les",3
2013,"Samoa, Independent State of","Samoa, État indépendant du",0
2013,Pitcairn Island,"Pitcairn, Îles",0
2013,"Marshall Islands, Republic of the","Îles Marshall, République des",0
2013,Nevis,Nevis,0
2013,Serbia and Montenegro,Serbie-et-Montenegro,34
2013,Tibet,Tibet,0
2013,Western Sahara,Sahara occidental,0
2013,Tonga,Tonga,5
2013,Andorra,Andorre,1
2013,"Palau, Republic of","Palaos, République des",0
2013,"East Timor, Democratic Republic of",République démocratique du Timor-Leste,0
2013,Europe NES,Europe NMA,0
2013,Vanuatu,Vanuatu,0
2013,Nauru,Nauru,1
2013,Sao Tome and Principe,Sao Tomé-et-Principe,1
2013,"Micronesia, Federated States of","Micronésie, Etats Federes de",1
2013,Kiribati,Kiribati,0
2013,Liechtenstein,Liechtenstein,0
2013,Tuvalu,Tuvalu,0
2013,Union of Soviet Socialist Republics,Union des républiques socialistes soviétiques,0
2013,Soloman Islands,"Soloman, Îles",0
2013,Panama Canal Zone,"Canal de Panama, Zone du",0
2013,Other countries of citizenship,Autres pays de citoyenneté,29
2013,Country of citizenship not stated,Pays de citoyenneté non déclaré,64
2014,India,Inde,38335
2014,Philippines,Philippines,40033
2014,"China, People's Republic of","Chine, République populaire de",24628
2014,Syria,Syrie,2051
2014,United States of America,États-Unis d'Amérique,8491
2014,Pakistan,Pakistan,9113
2014,France,France,4718
2014,Nigeria,Nigéria,4160
2014,United Kingdom and Overseas Territories,Royaume-Uni et territoires d’outre-mer,5759
2014,Iraq,Iraq,3894
2014,Iran,Iran,16772
2014,Eritrea,Érythrée,1974
2014,"Korea, Republic of","Corée, République de",4458
2014,Jamaica,Jamaïque,3050
2014,Afghanistan,Afghanistan,1490
2014,Ukraine,Ukraine,2539
2014,Bangladesh,Bangladesh,2233
2014,Mexico,Mexique,4478
2014,Egypt,Égypte,3159
2014,Brazil,Brésil,1916
2014,Algeria,Algérie,3653
2014,Vietnam,Viêt-Nam,2494
2014,"Congo, Democratic Republic of the","Congo, République démocratique du",1749
2014,Haiti,Haïti,3315
2014,Russia,Russie,1772
2014,"Cameroon, Federal Republic of","Cameroun, République fédérale du",2107
2014,Morocco,Maroc,2491
2014,Colombia,Colombie,2859
2014,Sri Lanka,Sri Lanka,2604
2014,"Ireland, Republic of","Irlande, République d'",1977
2014,Ethiopia,Éthiopie,1339
2014,Israel,Israël,1900
2014,Australia,Australie,1295
2014,"South Africa, Republic of","Afrique du Sud, République d'",1001
2014,Tunisia,Tunisie,1472
2014,"Ivory Coast, Republic of","Côte-d'Ivoire, République  de la",1521
2014,"Somalia, Democratic Republic of","Somalie, République démocratique de",1491
2014,Lebanon,Liban,2224
2014,Hong Kong,Hong Kong,586
2014,Germany,Allemagne,1273
2014,Turkey,Turquie,717
2014,Nepal,Népal,1219
2014,Japan,Japon,1127
2014,Italy,Italie,652
2014,Venezuela,Venezuela,1483
2014,Poland,Pologne,773
2014,Romania,Roumanie,1553
2014,Stateless,Apatride,801
2014,Cuba,Cuba,1079
2014,Burundi,Burundi,517
2014,Taiwan,Taïwan,692
2014,Jordan,Jordanie,1158
2014,Portugal,Portugal,637
2014,Mauritius,Maurice,419
2014,El Salvador,El Salvador,700
2014,Hungary,Hongrie,536
2014,Ghana,Ghana,518
2014,Moldova,Moldavie,942
2014,Spain,Espagne,494
2014,Dominican Republic,République dominicaine,445
2014,Albania,Albanie,519
2014,Thailand,Thaïlande,608
2014,Croatia,Croatie,293
2014,Senegal,Sénégal,731
2014,Belgium,Belgique,356
2014,"Indonesia, Republic of","Indonésie, République d'",416
2014,Libya,Libye,298
2014,"Netherlands, The",Pays-Bas,422
2014,St. Vincent and the Grenadines,Saint-Vincent-et-les-Grenadines,607
2014,Kenya,Kenya,455
2014,Guyana,Guyane,784
2014,"Sudan, Democratic Republic of","Soudan, République démocratique du",484
2014,Peru,Pérou,712
2014,Zimbabwe,Zimbabwe,332
2014,Greece,Grèce,373
2014,New Zealand,Nouvelle-Zélande,396
2014,Honduras,Honduras,401
2014,St. Lucia,Sainte-Lucie,505
2014,"Guinea, Republic of","Guinée, République de",365
2014,"Serbia, Republic of","Serbie, République de",319
2014,"Trinidad and Tobago, Republic of","Trinité-et-Tobago, République de",431
2014,Malaysia,Malaisie,336
2014,Rwanda,Rwanda,335
2014,Palestinian Authority (Gaza/West Bank),Autorité palestinienne (Gaza/Cisjordanie),443
2014,Kazakhstan,Kazakhstan,293
2014,Singapore,Singapour,179
2014,Czech Republic,République tchèque,224
2014,Chile,Chili,299
2014,Belarus,Bélarus,175
2014,Bulgaria,Bulgarie,451
2014,Burkina-Faso,Burkina Faso,339
2014,Slovak Republic,République slovaque,161
2014,Armenia,Arménie,205
2014,Yemen,Yémen,149
2014,Guatemala,Guatemala,317
2014,Argentina,Argentine,214
2014,Central African Republic,République centrafricaine,129
2014,Cambodia,Cambodge,237
2014,Uganda,Ouganda,170
2014,Ecuador,Équateur,334
2014,Saudi Arabia,Arabie saoudite,232
2014,"Togo, Republic of","Togo, République du",248
2014,Barbados,Barbade,133
2014,"Tanzania, United Republic of","Tanzanie, République unie de",133
2014,"Benin, Republic of","Bénin, République du",242
2014,Switzerland,Suisse,203
2014,"Djibouti, Republic of","Djibouti, République de",99
2014,"Mali, Republic of","Mali, République du",195
2014,Uzbekistan,Ouzbékistan,164
2014,Myanmar (Burma),Myanmar (Birmanie),440
2014,Sweden,Suède,157
2014,Fiji,Fidji,254
2014,"Kosovo, Republic of","Kosovo, République du",167
2014,Lithuania,Lituanie,154
2014,Costa Rica,Costa Rica,165
2014,Georgia,Géorgie,102
2014,Kyrgyzstan,Kirghizistan,126
2014,"Congo, People's Republic of the","Congo, République populaire du",84
2014,"Bahama Islands, The",Bahamas,61
2014,"Chad, Republic of","Tchad, République du",82
2014,Madagascar,Madagascar,112
2014,Namibia,Namibie,120
2014,Azerbaijan,Azerbaïdjan,63
2014,Grenada,Grenade,137
2014,"South Sudan, Republic of","Soudan du Sud, République du",27
2014,Bosnia-Herzegovina,Bosnie-Herzégovine,147
2014,Finland,Finlande,68
2014,Latvia,Lettonie,163
2014,Austria,Autriche,98
2014,Nicaragua,Nicaragua,118
2014,Bolivia,Bolivie,95
2014,Denmark,Danemark,69
2014,Macedonia,Macédoine,117
2014,Zambia,Zambie,46
2014,"Mongolia, People's Republic of","Mongolie, République populaire de",93
2014,Antigua and Barbuda,Antigua-et-Barbuda,50
2014,Belize,Bélize,53
2014,"Botswana, Republic of","Botswana, République du",103
2014,Mauritania,Mauritanie,84
2014,Norway,Norvège,46
2014,Bhutan,Bhoutan,356
2014,Gambia,Gambie,36
2014,"Niger, Republic of the","Niger, République du",62
2014,Paraguay,Paraguay,38
2014,"Panama, Republic of","Panama, République du",59
2014,Liberia,Libéria,60
2014,Slovenia,Slovénie,30
2014,Angola,Angola,21
2014,Gabon Republic,"Gabon, République du",68
2014,Sierra Leone,Sierra Leone,60
2014,Swaziland,Swaziland,38
2014,Tajikistan,Tadjikistan,24
2014,Bahrain,Bahreïn,25
2014,Estonia,Estonie,32
2014,Dominica,Dominique,34
2014,St. Kitts-Nevis,Saint-Kitts-et-Nevis,24
2014,Macau,Macao,37
2014,Iceland,Islande,38
2014,Kuwait,Koweït,49
2014,Laos,Laos,28
2014,Turkmenistan,Turkménistan,5
2014,Uruguay,Uruguay,43
2014,Malawi,Malawi,20
2014,Cyprus,Chypre,28
2014,"Montenegro, Republic of","Monténégro, République du",7
2014,United Arab Emirates,Émirats arabes unis,40
2014,Oman,Oman,8
2014,Brunei,Brunei,3
2014,Comoros,"Comores, Les",8
2014,"Korea, People's Democratic Republic of","Corée, République démocratique populaire de",13
2014,Malta,Malte,9
2014,Mozambique,Mozambique,3
2014,Surinam,Surinam,6
2014,Luxembourg,Luxembourg,8
2014,Papua New Guinea,Papouasie-Nouvelle-Guinée,0
2014,Seychelles,Seychelles,2
2014,"Equatorial Guinea, Republic of",Guinée équatoriale,2
2014,Lesotho,Lesotho,2
2014,Qatar,Qatar,9
2014,Cape Verde Islands,Îles du Cap-Vert,0
2014,Guinea-Bissau,Guinée-Bissau,4
2014,"Maldives, Republic of","Maldives, République des",0
2014,Monaco,Monaco,0
2014,Yugoslavia,Yougoslavie,13
2014,Czechoslovakia,Tchécoslovaquie,0
2014,New Caledonia,Nouvelle-Calédonie,1
2014,San Marino,Saint-Marin,0
2014,"Solomons, The","Salomons, Les",1
2014,"Samoa, Independent State of","Samoa, État indépendant du",1
2014,Pitcairn Island,"Pitcairn, Îles",0
2014,"Marshall Islands, Republic of the","Îles Marshall, République des",0
2014,Nevis,Nevis,0
2014,Serbia and Montenegro,Serbie-et-Montenegro,17
2014,Tibet,Tibet,0
2014,Western Sahara,Sahara occidental,0
2014,Tonga,Tonga,2
2014,Andorra,Andorre,0
2014,"Palau, Republic of","Palaos, République des",0
2014,"East Timor, Democratic Republic of",République démocratique du Timor-Leste,1
2014,Europe NES,Europe NMA,0
2014,Vanuatu,Vanuatu,2
2014,Nauru,Nauru,1
2014,Sao Tome and Principe,Sao Tomé-et-Principe,1
2014,"Micronesia, Federated States of","Micronésie, Etats Federes de",0
2014,Kiribati,Kiribati,0
2014,Liechtenstein,Liechtenstein,0
2014,Tuvalu,Tuvalu,0
2014,Union of Soviet Socialist Republics,Union des républiques socialistes soviétiques,0
2014,Soloman Islands,"Soloman, Îles",0
2014,Panama Canal Zone,"Canal de Panama, Zone du",0
2014,Other countries of citizenship,Autres pays de citoyenneté,21
2014,Country of citizenship not stated,Pays de citoyenneté non déclaré,14
2015,India,Inde,39526
2015,Philippines,Philippines,50838
2015,"China, People's Republic of","Chine, République populaire de",19534
2015,Syria,Syrie,9854
2015,United States of America,États-Unis d'Amérique,7521
2015,Pakistan,Pakistan,11329
2015,France,France,5807
2015,Nigeria,Nigéria,4133
2015,United Kingdom and Overseas Territories,Royaume-Uni et territoires d’outre-mer,5450
2015,Iraq,Iraq,3980
2015,Iran,Iran,11668
2015,Eritrea,Érythrée,2171
2015,"Korea, Republic of","Corée, République de",4091
2015,Jamaica,Jamaïque,3426
2015,Afghanistan,Afghanistan,2587
2015,Ukraine,Ukraine,2376
2015,Bangladesh,Bangladesh,3304
2015,Mexico,Mexique,3231
2015,Egypt,Égypte,3762
2015,Brazil,Brésil,1751
2015,Algeria,Algérie,2835
2015,Vietnam,Viêt-Nam,2591
2015,"Congo, Democratic Republic of the","Congo, République démocratique du",1714
2015,Haiti,Haïti,2727
2015,Russia,Russie,2147
2015,"Cameroon, Federal Republic of","Cameroun, République fédérale du",2034
2015,Morocco,Maroc,2736
2015,Colombia,Colombie,2181
2015,Sri Lanka,Sri Lanka,1795
2015,"Ireland, Republic of","Irlande, République d'",2081
2015,Ethiopia,Éthiopie,1365
2015,Israel,Israël,2132
2015,Australia,Australie,1414
2015,"South Africa, Republic of","Afrique du Sud, République d'",960
2015,Tunisia,Tunisie,1283
2015,"Ivory Coast, Republic of","Côte-d'Ivoire, République  de la",1361
2015,"Somalia, Democratic Republic of","Somalie, République démocratique de",1157
2015,Lebanon,Liban,2135
2015,Hong Kong,Hong Kong,630
2015,Germany,Allemagne,1248
2015,Turkey,Turquie,874
2015,Nepal,Népal,1500
2015,Japan,Japon,995
2015,Italy,Italie,832
2015,Venezuela,Venezuela,929
2015,Poland,Pologne,980
2015,Romania,Roumanie,1183
2015,Stateless,Apatride,857
2015,Cuba,Cuba,827
2015,Burundi,Burundi,938
2015,Taiwan,Taïwan,617
2015,Jordan,Jordanie,1112
2015,Portugal,Portugal,822
2015,Mauritius,Maurice,718
2015,El Salvador,El Salvador,656
2015,Hungary,Hongrie,770
2015,Ghana,Ghana,369
2015,Moldova,Moldavie,929
2015,Spain,Espagne,712
2015,Dominican Republic,République dominicaine,602
2015,Albania,Albanie,574
2015,Thailand,Thaïlande,484
2015,Croatia,Croatie,501
2015,Senegal,Sénégal,649
2015,Belgium,Belgique,359
2015,"Indonesia, Republic of","Indonésie, République d'",377
2015,Libya,Libye,244
2015,"Netherlands, The",Pays-Bas,532
2015,St. Vincent and the Grenadines,Saint-Vincent-et-les-Grenadines,490
2015,Kenya,Kenya,383
2015,Guyana,Guyane,540
2015,"Sudan, Democratic Republic of","Soudan, République démocratique du",359
2015,Peru,Pérou,559
2015,Zimbabwe,Zimbabwe,238
2015,Greece,Grèce,477
2015,New Zealand,Nouvelle-Zélande,331
2015,Honduras,Honduras,422
2015,St. Lucia,Sainte-Lucie,437
2015,"Guinea, Republic of","Guinée, République de",244
2015,"Serbia, Republic of","Serbie, République de",576
2015,"Trinidad and Tobago, Republic of","Trinité-et-Tobago, République de",348
2015,Malaysia,Malaisie,332
2015,Rwanda,Rwanda,362
2015,Palestinian Authority (Gaza/West Bank),Autorité palestinienne (Gaza/Cisjordanie),553
2015,Kazakhstan,Kazakhstan,327
2015,Singapore,Singapour,255
2015,Czech Republic,République tchèque,281
2015,Chile,Chili,258
2015,Belarus,Bélarus,213
2015,Bulgaria,Bulgarie,371
2015,Burkina-Faso,Burkina Faso,236
2015,Slovak Republic,République slovaque,208
2015,Armenia,Arménie,302
2015,Yemen,Yémen,206
2015,Guatemala,Guatemala,240
2015,Argentina,Argentine,237
2015,Central African Republic,République centrafricaine,456
2015,Cambodia,Cambodge,205
2015,Uganda,Ouganda,182
2015,Ecuador,Équateur,215
2015,Saudi Arabia,Arabie saoudite,196
2015,"Togo, Republic of","Togo, République du",258
2015,Barbados,Barbade,140
2015,"Tanzania, United Republic of","Tanzanie, République unie de",158
2015,"Benin, Republic of","Bénin, République du",259
2015,Switzerland,Suisse,236
2015,"Djibouti, Republic of","Djibouti, République de",147
2015,"Mali, Republic of","Mali, République du",190
2015,Uzbekistan,Ouzbékistan,189
2015,Myanmar (Burma),Myanmar (Birmanie),439
2015,Sweden,Suède,176
2015,Fiji,Fidji,222
2015,"Kosovo, Republic of","Kosovo, République du",227
2015,Lithuania,Lituanie,133
2015,Costa Rica,Costa Rica,121
2015,Georgia,Géorgie,103
2015,Kyrgyzstan,Kirghizistan,132
2015,"Congo, People's Republic of the","Congo, République populaire du",132
2015,"Bahama Islands, The",Bahamas,74
2015,"Chad, Republic of","Tchad, République du",87
2015,Madagascar,Madagascar,115
2015,Namibia,Namibie,102
2015,Azerbaijan,Azerbaïdjan,112
2015,Grenada,Grenade,115
2015,"South Sudan, Republic of","Soudan du Sud, République du",60
2015,Bosnia-Herzegovina,Bosnie-Herzégovine,195
2015,Finland,Finlande,83
2015,Latvia,Lettonie,130
2015,Austria,Autriche,118
2015,Nicaragua,Nicaragua,96
2015,Bolivia,Bolivie,74
2015,Denmark,Danemark,75
2015,Macedonia,Macédoine,221
2015,Zambia,Zambie,56
2015,"Mongolia, People's Republic of","Mongolie, République populaire de",45
2015,Antigua and Barbuda,Antigua-et-Barbuda,51
2015,Belize,Bélize,27
2015,"Botswana, Republic of","Botswana, République du",96
2015,Mauritania,Mauritanie,104
2015,Norway,Norvège,50
2015,Bhutan,Bhoutan,387
2015,Gambia,Gambie,42
2015,"Niger, Republic of the","Niger, République du",77
2015,Paraguay,Paraguay,36
2015,"Panama, Republic of","Panama, République du",39
2015,Liberia,Libéria,155
2015,Slovenia,Slovénie,41
2015,Angola,Angola,30
2015,Gabon Republic,"Gabon, République du",57
2015,Sierra Leone,Sierra Leone,94
2015,Swaziland,Swaziland,36
2015,Tajikistan,Tadjikistan,43
2015,Bahrain,Bahreïn,33
2015,Estonia,Estonie,53
2015,Dominica,Dominique,28
2015,St. Kitts-Nevis,Saint-Kitts-et-Nevis,23
2015,Macau,Macao,21
2015,Iceland,Islande,32
2015,Kuwait,Koweït,20
2015,Laos,Laos,19
2015,Turkmenistan,Turkménistan,8
2015,Uruguay,Uruguay,50
2015,Malawi,Malawi,23
2015,Cyprus,Chypre,27
2015,"Montenegro, Republic of","Monténégro, République du",23
2015,United Arab Emirates,Émirats arabes unis,33
2015,Oman,Oman,5
2015,Brunei,Brunei,9
2015,Comoros,"Comores, Les",11
2015,"Korea, People's Democratic Republic of","Corée, République démocratique populaire de",12
2015,Malta,Malte,10
2015,Mozambique,Mozambique,8
2015,Surinam,Surinam,10
2015,Luxembourg,Luxembourg,8
2015,Papua New Guinea,Papouasie-Nouvelle-Guinée,7
2015,Seychelles,Seychelles,1
2015,"Equatorial Guinea, Republic of",Guinée équatoriale,0
2015,Lesotho,Lesotho,1
2015,Qatar,Qatar,0
2015,Cape Verde Islands,Îles du Cap-Vert,3
2015,Guinea-Bissau,Guinée-Bissau,5
2015,"Maldives, Republic of","Maldives, République des",2
2015,Monaco,Monaco,1
2015,Yugoslavia,Yougoslavie,25
2015,Czechoslovakia,Tchécoslovaquie,0
2015,New Caledonia,Nouvelle-Calédonie,0
2015,San Marino,Saint-Marin,0
2015,"Solomons, The","Salomons, Les",1
2015,"Samoa, Independent State of","Samoa, État indépendant du",2
2015,Pitcairn Island,"Pitcairn, Îles",0
2015,"Marshall Islands, Republic of the","Îles Marshall, République des",0
2015,Nevis,Nevis,0
2015,Serbia and Montenegro,Serbie-et-Montenegro,18
2015,Tibet,Tibet,0
2015,Western Sahara,Sahara occidental,0
2015,Tonga,Tonga,10
2015,Andorra,Andorre,2
2015,"Palau, Republic of","Palaos, République des",2
2015,"East Timor, Democratic Republic of",République démocratique du Timor-Leste,1
2015,Europe NES,Europe NMA,1
2015,Vanuatu,Vanuatu,1
2015,Nauru,Nauru,0
2015,Sao Tome and Principe,Sao Tomé-et-Principe,0
2015,"Micronesia, Federated States of","Micronésie, Etats Federes de",0
2015,Kiribati,Kiribati,0
2015,Liechtenstein,Liechtenstein,0
2015,Tuvalu,Tuvalu,0
2015,Union of Soviet Socialist Republics,Union des républiques socialistes soviétiques,0
2015,Soloman Islands,"Soloman, Îles",0
2015,Panama Canal Zone,"Canal de Panama, Zone du",0
2015,Other countries of citizenship,Autres pays de citoyenneté,18
2015,Country of citizenship not stated,Pays de citoyenneté non déclaré,34
2016,India,Inde,39792
2016,Philippines,Philippines,41812
2016,"China, People's Republic of","Chine, République populaire de",26854
2016,Syria,Syrie,34927
2016,United States of America,États-Unis d'Amérique,8411
2016,Pakistan,Pakistan,11337
2016,France,France,6348
2016,Nigeria,Nigéria,4424
2016,United Kingdom and Overseas Territories,Royaume-Uni et territoires d’outre-mer,5812
2016,Iraq,Iraq,2412
2016,Iran,Iran,6483
2016,Eritrea,Érythrée,4629
2016,"Korea, Republic of","Corée, République de",4008
2016,Jamaica,Jamaïque,3558
2016,Afghanistan,Afghanistan,2635
2016,Ukraine,Ukraine,3365
2016,Bangladesh,Bangladesh,3230
2016,Mexico,Mexique,3400
2016,Egypt,Égypte,3089
2016,Brazil,Brésil,1727
2016,Algeria,Algérie,2821
2016,Vietnam,Viêt-Nam,2446
2016,"Congo, Democratic Republic of the","Congo, République démocratique du",2550
2016,Haiti,Haïti,2921
2016,Russia,Russie,2430
2016,"Cameroon, Federal Republic of","Cameroun, République fédérale du",2108
2016,Morocco,Maroc,2116
2016,Colombia,Colombie,2441
2016,Sri Lanka,Sri Lanka,1545
2016,"Ireland, Republic of","Irlande, République d'",2218
2016,Ethiopia,Éthiopie,1939
2016,Israel,Israël,2400
2016,Australia,Australie,1694
2016,"South Africa, Republic of","Afrique du Sud, République d'",1077
2016,Tunisia,Tunisie,1310
2016,"Ivory Coast, Republic of","Côte-d'Ivoire, République  de la",1763
2016,"Somalia, Democratic Republic of","Somalie, République démocratique de",1312
2016,Lebanon,Liban,1936
2016,Hong Kong,Hong Kong,1210
2016,Germany,Allemagne,1208
2016,Turkey,Turquie,921
2016,Nepal,Népal,751
2016,Japan,Japon,1034
2016,Italy,Italie,978
2016,Venezuela,Venezuela,1020
2016,Poland,Pologne,1000
2016,Romania,Roumanie,1361
2016,Stateless,Apatride,821
2016,Cuba,Cuba,1118
2016,Burundi,Burundi,634
2016,Taiwan,Taïwan,791
2016,Jordan,Jordanie,914
2016,Portugal,Portugal,847
2016,Mauritius,Maurice,552
2016,El Salvador,El Salvador,627
2016,Hungary,Hongrie,519
2016,Ghana,Ghana,483
2016,Moldova,Moldavie,1088
2016,Spain,Espagne,647
2016,Dominican Republic,République dominicaine,606
2016,Albania,Albanie,513
2016,Thailand,Thaïlande,462
2016,Croatia,Croatie,634
2016,Senegal,Sénégal,594
2016,Belgium,Belgique,453
2016,"Indonesia, Republic of","Indonésie, République d'",446
2016,Libya,Libye,302
2016,"Netherlands, The",Pays-Bas,516
2016,St. Vincent and the Grenadines,Saint-Vincent-et-les-Grenadines,423
2016,Kenya,Kenya,480
2016,Guyana,Guyane,513
2016,"Sudan, Democratic Republic of","Soudan, République démocratique du",446
2016,Peru,Pérou,436
2016,Zimbabwe,Zimbabwe,286
2016,Greece,Grèce,435
2016,New Zealand,Nouvelle-Zélande,498
2016,Honduras,Honduras,360
2016,St. Lucia,Sainte-Lucie,329
2016,"Guinea, Republic of","Guinée, République de",412
2016,"Serbia, Republic of","Serbie, République de",477
2016,"Trinidad and Tobago, Republic of","Trinité-et-Tobago, République de",325
2016,Malaysia,Malaisie,366
2016,Rwanda,Rwanda,363
2016,Palestinian Authority (Gaza/West Bank),Autorité palestinienne (Gaza/Cisjordanie),442
2016,Kazakhstan,Kazakhstan,398
2016,Singapore,Singapour,258
2016,Czech Republic,République tchèque,325
2016,Chile,Chili,246
2016,Belarus,Bélarus,359
2016,Bulgaria,Bulgarie,370
2016,Burkina-Faso,Burkina Faso,280
2016,Slovak Republic,République slovaque,270
2016,Armenia,Arménie,352
2016,Yemen,Yémen,158
2016,Guatemala,Guatemala,199
2016,Argentina,Argentine,259
2016,Central African Republic,République centrafricaine,101
2016,Cambodia,Cambodge,251
2016,Uganda,Ouganda,181
2016,Ecuador,Équateur,251
2016,Saudi Arabia,Arabie saoudite,177
2016,"Togo, Republic of","Togo, République du",246
2016,Barbados,Barbade,139
2016,"Tanzania, United Republic of","Tanzanie, République unie de",116
2016,"Benin, Republic of","Bénin, République du",298
2016,Switzerland,Suisse,213
2016,"Djibouti, Republic of","Djibouti, République de",271
2016,"Mali, Republic of","Mali, République du",207
2016,Uzbekistan,Ouzbékistan,216
2016,Myanmar (Burma),Myanmar (Birmanie),425
2016,Sweden,Suède,177
2016,Fiji,Fidji,190
2016,"Kosovo, Republic of","Kosovo, République du",184
2016,Lithuania,Lituanie,191
2016,Costa Rica,Costa Rica,134
2016,Georgia,Géorgie,118
2016,Kyrgyzstan,Kirghizistan,249
2016,"Congo, People's Republic of the","Congo, République populaire du",139
2016,"Bahama Islands, The",Bahamas,82
2016,"Chad, Republic of","Tchad, République du",101
2016,Madagascar,Madagascar,142
2016,Namibia,Namibie,68
2016,Azerbaijan,Azerbaïdjan,115
2016,Grenada,Grenade,112
2016,"South Sudan, Republic of","Soudan du Sud, République du",94
2016,Bosnia-Herzegovina,Bosnie-Herzégovine,140
2016,Finland,Finlande,79
2016,Latvia,Lettonie,134
2016,Austria,Autriche,102
2016,Nicaragua,Nicaragua,73
2016,Bolivia,Bolivie,111
2016,Denmark,Danemark,81
2016,Macedonia,Macédoine,134
2016,Zambia,Zambie,54
2016,"Mongolia, People's Republic of","Mongolie, République populaire de",94
2016,Antigua and Barbuda,Antigua-et-Barbuda,46
2016,Belize,Bélize,64
2016,"Botswana, Republic of","Botswana, République du",66
2016,Mauritania,Mauritanie,54
2016,Norway,Norvège,81
2016,Bhutan,Bhoutan,116
2016,Gambia,Gambie,52
2016,"Niger, Republic of the","Niger, République du",87
2016,Paraguay,Paraguay,42
2016,"Panama, Republic of","Panama, République du",44
2016,Liberia,Libéria,154
2016,Slovenia,Slovénie,33
2016,Angola,Angola,33
2016,Gabon Republic,"Gabon, République du",50
2016,Sierra Leone,Sierra Leone,88
2016,Swaziland,Swaziland,15
2016,Tajikistan,Tadjikistan,28
2016,Bahrain,Bahreïn,19
2016,Estonia,Estonie,54
2016,Dominica,Dominique,29
2016,St. Kitts-Nevis,Saint-Kitts-et-Nevis,41
2016,Macau,Macao,26
2016,Iceland,Islande,16
2016,Kuwait,Koweït,43
2016,Laos,Laos,20
2016,Turkmenistan,Turkménistan,13
2016,Uruguay,Uruguay,57
2016,Malawi,Malawi,21
2016,Cyprus,Chypre,16
2016,"Montenegro, Republic of","Monténégro, République du",23
2016,United Arab Emirates,Émirats arabes unis,25
2016,Oman,Oman,3
2016,Brunei,Brunei,5
2016,Comoros,"Comores, Les",9
2016,"Korea, People's Democratic Republic of","Corée, République démocratique populaire de",8
2016,Malta,Malte,5
2016,Mozambique,Mozambique,3
2016,Surinam,Surinam,9
2016,Luxembourg,Luxembourg,6
2016,Papua New Guinea,Papouasie-Nouvelle-Guinée,7
2016,Seychelles,Seychelles,5
2016,"Equatorial Guinea, Republic of",Guinée équatoriale,7
2016,Lesotho,Lesotho,8
2016,Qatar,Qatar,3
2016,Cape Verde Islands,Îles du Cap-Vert,3
2016,Guinea-Bissau,Guinée-Bissau,7
2016,"Maldives, Republic of","Maldives, République des",1
2016,Monaco,Monaco,1
2016,Yugoslavia,Yougoslavie,1
2016,Czechoslovakia,Tchécoslovaquie,1
2016,New Caledonia,Nouvelle-Calédonie,0
2016,San Marino,Saint-Marin,0
2016,"Solomons, The","Salomons, Les",1
2016,"Samoa, Independent State of","Samoa, État indépendant du",5
2016,Pitcairn Island,"Pitcairn, Îles",2
2016,"Marshall Islands, Republic of the","Îles Marshall, République des",1
2016,Nevis,Nevis,1
2016,Serbia and Montenegro,Serbie-et-Montenegro,1
2016,Tibet,Tibet,1
2016,Western Sahara,Sahara occidental,1
2016,Tonga,Tonga,0
2016,Andorra,Andorre,0
2016,"Palau, Republic of","Palaos, République des",0
2016,"East Timor, Democratic Republic of",République démocratique du Timor-Leste,0
2016,Europe NES,Europe NMA,0
2016,Vanuatu,Vanuatu,0
2016,Nauru,Nauru,0
2016,Sao Tome and Principe,Sao Tomé-et-Principe,0
2016,"Micronesia, Federated States of","Micronésie, Etats Federes de",0
2016,Kiribati,Kiribati,0
2016,Liechtenstein,Liechtenstein,0
2016,Tuvalu,Tuvalu,0
2016,Union of Soviet Socialist Republics,Union des républiques socialistes soviétiques,0
2016,Soloman Islands,"Soloman, Îles",0
2016,Panama Canal Zone,"Canal de Panama, Zone du",0
2016,Other countries of citizenship,Autres pays de citoyenneté,7
2016,Country of citizenship not stated,Pays de citoyenneté non déclaré,227
2017,India,Inde,51653
2017,Philippines,Philippines,40851
2017,"China, People's Republic of","Chine, République populaire de",30281
2017,Syria,Syrie,12044
2017,United States of America,États-Unis d'Amérique,9100
2017,Pakistan,Pakistan,7656
2017,France,France,6600
2017,Nigeria,Nigéria,5459
2017,United Kingdom and Overseas Territories,Royaume-Uni et territoires d’outre-mer,5293
2017,Iraq,Iraq,4741
2017,Iran,Iran,4737
2017,Eritrea,Érythrée,4680
2017,"Korea, Republic of","Corée, République de",3974
2017,Jamaica,Jamaïque,3831
2017,Afghanistan,Afghanistan,3438
2017,Ukraine,Ukraine,3305
2017,Bangladesh,Bangladesh,3185
2017,Mexico,Mexique,3135
2017,Egypt,Égypte,2865
2017,Brazil,Brésil,2759
2017,Algeria,Algérie,2635
2017,Vietnam,Viêt-Nam,2506
2017,"Congo, Democratic Republic of the","Congo, République démocratique du",2402
2017,Haiti,Haïti,2330
2017,Russia,Russie,2295
2017,"Cameroon, Federal Republic of","Cameroun, République fédérale du",2287
2017,Morocco,Maroc,2268
2017,Colombia,Colombie,2228
2017,Sri Lanka,Sri Lanka,2151
2017,"Ireland, Republic of","Irlande, République d'",1965
2017,Ethiopia,Éthiopie,1915
2017,Israel,Israël,1864
2017,Australia,Australie,1863
2017,"South Africa, Republic of","Afrique du Sud, République d'",1572
2017,Tunisia,Tunisie,1436
2017,"Ivory Coast, Republic of","Côte-d'Ivoire, République  de la",1399
2017,"Somalia, Democratic Republic of","Somalie, République démocratique de",1389
2017,Lebanon,Liban,1367
2017,Hong Kong,Hong Kong,1272
2017,Germany,Allemagne,1138
2017,Turkey,Turquie,1112
2017,Nepal,Népal,1109
2017,Japan,Japon,1080
2017,Italy,Italie,1030
2017,Venezuela,Venezuela,1022
2017,Poland,Pologne,1004
2017,Romania,Roumanie,977
2017,Stateless,Apatride,915
2017,Cuba,Cuba,876
2017,Burundi,Burundi,804
2017,Taiwan,Taïwan,794
2017,Jordan,Jordanie,787
2017,Portugal,Portugal,787
2017,Mauritius,Maurice,723
2017,El Salvador,El Salvador,718
2017,Hungary,Hongrie,693
2017,Ghana,Ghana,685
2017,Moldova,Moldavie,684
2017,Spain,Espagne,677
2017,Dominican Republic,République dominicaine,657
2017,Albania,Albanie,644
2017,Thailand,Thaïlande,598
2017,Croatia,Croatie,578
2017,Senegal,Sénégal,513
2017,Belgium,Belgique,505
2017,"Indonesia, Republic of","Indonésie, République d'",501
2017,Libya,Libye,498
2017,"Netherlands, The",Pays-Bas,495
2017,St. Vincent and the Grenadines,Saint-Vincent-et-les-Grenadines,476
2017,Kenya,Kenya,465
2017,Guyana,Guyane,432
2017,"Sudan, Democratic Republic of","Soudan, République démocratique du",428
2017,Peru,Pérou,424
2017,Zimbabwe,Zimbabwe,418
2017,Greece,Grèce,409
2017,New Zealand,Nouvelle-Zélande,406
2017,Honduras,Honduras,384
2017,St. Lucia,Sainte-Lucie,384
2017,"Guinea, Republic of","Guinée, République de",378
2017,"Serbia, Republic of","Serbie, République de",375
2017,"Trinidad and Tobago, Republic of","Trinité-et-Tobago, République de",373
2017,Malaysia,Malaisie,360
2017,Rwanda,Rwanda,353
2017,Palestinian Authority (Gaza/West Bank),Autorité palestinienne (Gaza/Cisjordanie),347
2017,Kazakhstan,Kazakhstan,333
2017,Singapore,Singapour,315
2017,Czech Republic,République tchèque,313
2017,Chile,Chili,309
2017,Belarus,Bélarus,308
2017,Bulgaria,Bulgarie,301
2017,Burkina-Faso,Burkina Faso,262
2017,Slovak Republic,République slovaque,259
2017,Armenia,Arménie,254
2017,Yemen,Yémen,248
2017,Guatemala,Guatemala,242
2017,Argentina,Argentine,235
2017,Central African Republic,République centrafricaine,227
2017,Cambodia,Cambodge,225
2017,Uganda,Ouganda,214
2017,Ecuador,Équateur,208
2017,Saudi Arabia,Arabie saoudite,207
2017,"Togo, Republic of","Togo, République du",207
2017,Barbados,Barbade,203
2017,"Tanzania, United Republic of","Tanzanie, République unie de",197
2017,"Benin, Republic of","Bénin, République du",196
2017,Switzerland,Suisse,190
2017,"Djibouti, Republic of","Djibouti, République de",184
2017,"Mali, Republic of","Mali, République du",182
2017,Uzbekistan,Ouzbékistan,182
2017,Myanmar (Burma),Myanmar (Birmanie),177
2017,Sweden,Suède,175
2017,Fiji,Fidji,156
2017,"Kosovo, Republic of","Kosovo, République du",146
2017,Lithuania,Lituanie,141
2017,Costa Rica,Costa Rica,136
2017,Georgia,Géorgie,136
2017,Kyrgyzstan,Kirghizistan,136
2017,"Congo, People's Republic of the","Congo, République populaire du",131
2017,"Bahama Islands, The",Bahamas,125
2017,"Chad, Republic of","Tchad, République du",121
2017,Madagascar,Madagascar,121
2017,Namibia,Namibie,120
2017,Azerbaijan,Azerbaïdjan,118
2017,Grenada,Grenade,118
2017,"South Sudan, Republic of","Soudan du Sud, République du",110
2017,Bosnia-Herzegovina,Bosnie-Herzégovine,107
2017,Finland,Finlande,107
2017,Latvia,Lettonie,105
2017,Austria,Autriche,104
2017,Nicaragua,Nicaragua,103
2017,Bolivia,Bolivie,101
2017,Denmark,Danemark,93
2017,Macedonia,Macédoine,92
2017,Zambia,Zambie,87
2017,"Mongolia, People's Republic of","Mongolie, République populaire de",86
2017,Antigua and Barbuda,Antigua-et-Barbuda,83
2017,Belize,Bélize,79
2017,"Botswana, Republic of","Botswana, République du",76
2017,Mauritania,Mauritanie,68
2017,Norway,Norvège,68
2017,Bhutan,Bhoutan,63
2017,Gambia,Gambie,61
2017,"Niger, Republic of the","Niger, République du",61
2017,Paraguay,Paraguay,58
2017,"Panama, Republic of","Panama, République du",56
2017,Liberia,Libéria,54
2017,Slovenia,Slovénie,48
2017,Angola,Angola,47
2017,Gabon Republic,"Gabon, République du",44
2017,Sierra Leone,Sierra Leone,41
2017,Swaziland,Swaziland,38
2017,Tajikistan,Tadjikistan,38
2017,Bahrain,Bahreïn,36
2017,Estonia,Estonie,36
2017,Dominica,Dominique,33
2017,St. Kitts-Nevis,Saint-Kitts-et-Nevis,33
2017,Macau,Macao,30
2017,Iceland,Islande,27
2017,Kuwait,Koweït,27
2017,Laos,Laos,25
2017,Turkmenistan,Turkménistan,24
2017,Uruguay,Uruguay,24
2017,Malawi,Malawi,20
2017,Cyprus,Chypre,16
2017,"Montenegro, Republic of","Monténégro, République du",12
2017,United Arab Emirates,Émirats arabes unis,12
2017,Oman,Oman,10
2017,Brunei,Brunei,9
2017,Comoros,"Comores, Les",9
2017,"Korea, People's Democratic Republic of","Corée, République démocratique populaire de",9
2017,Malta,Malte,9
2017,Mozambique,Mozambique,7
2017,Surinam,Surinam,7
2017,Luxembourg,Luxembourg,5
2017,Papua New Guinea,Papouasie-Nouvelle-Guinée,5
2017,Seychelles,Seychelles,5
2017,"Equatorial Guinea, Republic of",Guinée équatoriale,3
2017,Lesotho,Lesotho,3
2017,Qatar,Qatar,3
2017,Cape Verde Islands,Îles du Cap-Vert,2
2017,Guinea-Bissau,Guinée-Bissau,2
2017,"Maldives, Republic of","Maldives, République des",2
2017,Monaco,Monaco,2
2017,Yugoslavia,Yougoslavie,2
2017,Czechoslovakia,Tchécoslovaquie,1
2017,New Caledonia,Nouvelle-Calédonie,1
2017,San Marino,Saint-Marin,1
2017,"Solomons, The","Salomons, Les",1
2017,"Samoa, Independent State of","Samoa, État indépendant du",0
2017,Pitcairn Island,"Pitcairn, Îles",0
2017,"Marshall Islands, Republic of the","Îles Marshall, République des",0
2017,Nevis,Nevis,0
2017,Serbia and Montenegro,Serbie-et-Montenegro,0
2017,Tibet,Tibet,0
2017,Western Sahara,Sahara occidental,0
2017,Tonga,Tonga,0
2017,Andorra,Andorre,0
2017,"Palau, Republic of","Palaos, République des",0
2017,"East Timor, Democratic Republic of",République démocratique du Timor-Leste,0
2017,Europe NES,Europe NMA,0
2017,Vanuatu,Vanuatu,0
2017,Nauru,Nauru,0
2017,Sao Tome and Principe,Sao Tomé-et-Principe,0
2017,"Micronesia, Federated States of","Micronésie, Etats Federes de",0
2017,Kiribati,Kiribati,0
2017,Liechtenstein,Liechtenstein,0
2017,Tuvalu,Tuvalu,0
2017,Union of Soviet Socialist Republics,Union des républiques socialistes soviétiques,0
2017,Soloman Islands,"Soloman, Îles",0
2017,Panama Canal Zone,"Canal de Panama, Zone du",0
2017,Other countries of citizenship,Autres pays de citoyenneté,5
2017,Country of citizenship not stated,Pays de citoyenneté non déclaré,135
